date,temperature,rainfall,humidity,anomaly
2015-01-01,25.97111118986828,2.79485655318935,85.41107971064378,False
2015-01-02,26.08148542336034,2.85868933128605,71.15043476326983,False
2015-01-03,24.71384726911822,4.72150048092471,76.32113754460036,False
2015-01-04,29.56361684880458,1.5298928885285497,69.58683570593286,False
2015-01-05,25.607911610431216,1.5842586930243825,57.326022402227366,False
2015-01-06,27.9066489633748,2.989963211137738,87.54468069246295,False
2015-01-07,25.64566780193724,9.03328485944634,71.66128008443768,False
2015-01-08,27.02639227888757,4.093744449857031,73.19379880965522,False
2015-01-09,28.39543177457419,7.274185444395317,54.19949019896266,False
2015-01-10,29.732186510425112,0.6883942798812608,82.03247296232598,False
2015-01-11,26.48255591377863,2.085154832032193,88.33923349224172,False
2015-01-12,25.170151016533357,3.8893061906441417,47.7153150504077,False
2015-01-13,29.50703122114881,4.246470299079469,85.33189575605803,False
2015-01-14,25.67918120946531,10.088022229273593,47.40407827889537,False
2015-01-15,26.908921970317063,0.865224621110368,50.67438428214462,False
2015-01-16,31.310847436246583,3.982769207209389,83.15031383879166,False
2015-01-17,26.940887303689564,1.471397893919028,52.55369707956864,False
2015-01-18,27.30115386333864,3.187777712421336,84.64642661577889,False
2015-01-19,28.904518734459497,5.018132134919972,81.80092937625673,False
2015-01-20,28.506924087156268,2.54876055079544,89.77603999465616,False
2015-01-21,26.94115624064119,5.172613679447977,46.43577375916468,False
2015-01-22,31.55239136830308,5.218751561592682,64.79744611176694,False
2015-01-23,30.72363769472191,3.3052809393610034,86.98481223596343,False
2015-01-24,28.23711987756655,0.8180226402008297,75.03886215891629,False
2015-01-25,27.186495971532292,10.676366317040705,52.64815292593882,False
2015-01-26,27.68055966628528,1.5150601269360848,57.637101632185335,False
2015-01-27,30.753073290056182,3.101009485312369,69.62768220140214,False
2015-01-28,32.505160271791866,5.052011022797815,57.77614458677253,False
2015-01-29,29.91676082030057,1.760984396244085,69.23770248481514,False
2015-01-30,28.58827986915913,10.398223104623222,85.21684082039926,False
2015-01-31,34.71471382622403,2.485173840896928,45.1634159340874,False
2015-02-01,27.97380052811364,6.384690049677077,40.50618972661415,False
2015-02-02,30.33157788120935,0.974552032662039,89.70498693921928,False
2015-02-03,33.41134186235792,4.589212450426294,62.269088936715015,False
2015-02-04,28.559279955901854,4.707664382878474,74.77097056183311,False
2015-02-05,30.073067073679645,2.4415111072246947,65.53097744519924,False
2015-02-06,29.624367396348465,8.680587389330682,75.85667372116828,False
2015-02-07,32.57732601179071,1.4136609671463427,88.45669540956564,False
2015-02-08,32.4339000442485,5.548717874451809,46.20046394599127,False
2015-02-09,29.82923150828568,3.697559386707927,75.15787318362362,False
2015-02-10,31.77418255663663,4.027367879400342,67.07846677486067,False
2015-02-11,30.33133559921666,2.605266141454947,51.67853595997542,False
2015-02-12,29.85079869677048,5.98027061471111,66.69905869135931,False
2015-02-13,31.06434154839012,3.714672346763938,64.79724826428543,False
2015-02-14,36.65993206609663,6.54525500161364,42.87046772520007,False
2015-02-15,35.45805247389619,6.566580207611912,46.84630785125649,False
2015-02-16,30.2483568362456,4.852177904811914,85.87638490150803,False
2015-02-17,33.00420905762449,3.500359249411824,71.6769029241146,False
2015-02-18,32.89296712101505,3.9734508552718015,75.63221403747508,False
2015-02-19,35.26094202159403,3.5893895986869784,40.404806256356615,False
2015-02-20,34.189951473630856,1.085097281325162,58.84030178466192,False
2015-02-21,35.79165054330914,1.6280576268201612,61.16157132688696,False
2015-02-22,33.89843252896193,3.4291811818231217,63.09598513042339,False
2015-02-23,32.36117002068752,6.471576172016699,50.73811731965121,False
2015-02-24,31.51210734948261,1.1478848037672926,81.8253717454195,False
2015-02-25,35.56599054955013,0.9969012956273564,88.62668918522559,False
2015-02-26,34.57339366969282,3.3375736274357704,82.35240849888382,False
2015-02-27,30.967531223586924,10.666117474020488,72.66267216586951,False
2015-02-28,32.75995016453372,5.945433511869809,86.49668406767384,False
2015-03-01,38.221413847101175,1.6658314887471424,44.83031191441051,False
2015-03-02,33.21535990557562,2.479801531804275,51.557808135461634,False
2015-03-03,38.16575853972646,6.003628123508209,52.5739488376982,False
2015-03-04,35.731809146495245,0.6927336386601233,84.70132804950464,False
2015-03-05,30.67758425235218,8.316974073718614,61.47974089525341,False
2015-03-06,33.64288901008906,2.9767520783513794,64.79725588685915,False
2015-03-07,31.263884282277058,0.4272936229406137,84.74862630789126,False
2015-03-08,35.525869041237925,0.4611710801804985,86.51894171530722,False
2015-03-09,31.403231406580744,7.878457968976935,55.94702227304525,False
2015-03-10,32.34029787780961,5.712160241054469,44.10049099204386,False
2015-03-11,35.239603410122825,4.838148861036776,69.22482144487952,False
2015-03-12,34.02903907618065,5.156931204135361,44.47805626081019,False
2015-03-13,32.509401478653366,2.661491997575689,81.80153474330886,False
2015-03-14,35.05223534835175,2.07157636705959,57.21616704381852,False
2015-03-15,37.15494428897106,3.0301666868379047,80.78121086665072,False
2015-03-16,34.149622470620514,4.865209480371573,41.7590520675698,False
2015-03-17,34.245354627214944,5.381269762625935,40.0653057575075,False
2015-03-18,38.50132648109434,1.9997139326689304,71.60504238935611,False
2015-03-19,35.837593606081406,2.6321434421832985,44.864600456834005,False
2015-03-20,34.28605360713851,1.5083488448580111,67.3025940646028,False
2015-03-21,35.38397458370678,1.1880158085790338,55.31246566987814,False
2015-03-22,34.98191359842519,2.469331692330312,68.03890255916063,False
2015-03-23,35.32440166555726,5.635217786970308,69.43617097915524,False
2015-03-24,35.859928381302886,1.2916703391682176,75.8461589949255,False
2015-03-25,34.199922479797635,2.4174610869665583,40.348554474785445,False
2015-03-26,35.04427037431849,6.842950547669137,62.65761433799712,False
2015-03-27,34.46548252548087,7.363872770160852,86.2250405288055,False
2015-03-28,36.138871547954,4.00579791633771,79.00243671918322,False
2015-03-29,32.66474946865658,1.6112329665671186,49.35528062298386,False
2015-03-30,37.43203598331138,5.0271666094066045,79.72929811827834,False
2015-03-31,34.71993867294081,9.293780135143772,83.56194180121147,False
2015-04-01,33.57523378482628,11.539741629867653,41.78535677039322,False
2015-04-02,30.982176717304853,4.358960546538093,56.57277533444589,False
2015-04-03,37.97762494006688,10.646057685253318,68.0163627515426,False
2015-04-04,35.31169838234841,2.632254947465179,76.38593838100846,False
2015-04-05,35.316927314527604,2.048434732720992,86.29274872439588,False
2015-04-06,37.31958168918517,7.46821374634797,57.99612941718048,False
2015-04-07,36.74948844241004,1.6344274788536302,54.58402085036017,False
2015-04-08,35.00106623775158,3.342733314155021,65.90238964246822,False
2015-04-09,34.35721963774165,3.2877375257565347,70.02798903252193,False
2015-04-10,34.25481929530518,2.119456704467297,78.92383680085055,False
2015-04-11,34.687065575264484,0.4480457616635791,46.88684692316264,False
2015-04-12,35.231239896542654,3.069181451532444,52.72940435845441,False
2015-04-13,34.50297854964023,2.2035884614428345,65.36108562158631,False
2015-04-14,32.85127592517784,11.651938789926854,70.39987100410524,False
2015-04-15,32.09515980397814,3.3700216694626404,70.84875046948753,False
2015-04-16,32.93533813662538,0.3682790767109397,50.63991733483263,False
2015-04-17,34.29292384415777,7.976851773168134,87.54868052556355,False
2015-04-18,33.29410927189848,10.904413456724685,85.84383660085199,False
2015-04-19,34.737061240335606,5.208883388936234,59.08431506047701,False
2015-04-20,31.97025866162146,8.37881272790868,65.06892634400154,False
2015-04-21,35.71377854827297,12.27016837386527,73.55356218672954,False
2015-04-22,33.130470978847704,9.839968249884636,50.31631804398818,False
2015-04-23,36.548718899198576,2.7302256620490546,85.12981288155407,False
2015-04-24,31.22266470912471,0.2072625690832044,87.16975078474013,False
2015-04-25,35.55319119057571,1.8699593075664844,77.24705041297626,False
2015-04-26,34.33510940944998,5.078332215979694,40.837937576950914,False
2015-04-27,35.09312233270464,3.194787528895953,44.55067989564566,False
2015-04-28,33.825035664646926,1.7924417810479452,70.67939263393906,False
2015-04-29,36.3393781992658,5.288112018477246,52.1743813188686,False
2015-04-30,32.14555562529676,3.814133370773805,61.16233695467007,False
2015-05-01,35.51917867255433,8.67974812450411,64.49397225803206,False
2015-05-02,31.28089108638761,2.3035632281965515,48.80175647536127,False
2015-05-03,34.41514237368423,4.996841670077514,53.90767898073585,False
2015-05-04,34.41748144881029,2.780710039444609,69.2230817713858,False
2015-05-05,33.746681722546555,1.879766950915147,59.69564667797641,False
2015-05-06,32.644690152757924,6.805797403130788,42.45535427907621,False
2015-05-07,33.42661390746335,0.8456468790968937,52.49592884038528,False
2015-05-08,31.40761595145761,4.2179364389967935,85.09808509856434,False
2015-05-09,30.92026161415011,2.0407319928935066,89.89932832737976,False
2015-05-10,36.84279696628574,3.753939699541632,82.6665901120126,False
2015-05-11,31.6802004580557,3.689137832341911,50.22448318928063,False
2015-05-12,37.58703718312749,6.995830261249562,54.02546986252527,False
2015-05-13,34.28376406926351,2.116672967038701,80.87296596586705,False
2015-05-14,31.707162835741823,1.0607805531499588,88.51967854310348,False
2015-05-15,33.04899823872839,3.3994212012501723,50.02845150181752,False
2015-05-16,33.21400892462595,4.113507457808273,43.65233565177315,False
2015-05-17,30.15529435354024,7.551223404829344,76.89994361999274,False
2015-05-18,35.72510790908393,3.8691296017594,59.09304911784103,False
2015-05-19,30.106329941303706,3.8403930426477406,49.24365576930177,False
2015-05-20,30.161039348938044,7.03872389752211,72.3581106636832,False
2015-05-21,33.10251977668743,1.835559978844272,60.56074060804649,False
2015-05-22,29.727460476123444,1.318589061298156,52.93883372738331,False
2015-05-23,29.66877882693019,1.3865919972881278,82.95539909344372,False
2015-05-24,29.54127969275468,1.240770779149179,79.49602738637113,False
2015-05-25,30.33841980589963,4.683671996898761,57.62570343245312,False
2015-05-26,30.699340964759195,5.48466327176881,49.534211652600966,False
2015-05-27,29.234092978701256,0.2973205933495288,67.1114927898579,False
2015-05-28,28.59612612188915,3.684784228722789,42.96941572159257,False
2015-05-29,29.08235444046218,5.0811726323120165,67.42972413968226,False
2015-05-30,30.374189981937526,4.530342541626327,68.64890679323568,False
2015-05-31,30.79032902930508,7.297893609289618,48.84307893706612,False
2015-06-01,27.982398624627148,3.820756496898332,53.11827678539807,False
2015-06-02,29.768895118511757,5.633745035709964,60.15373372017597,False
2015-06-03,29.359922175313606,5.397829217775882,84.06330301454749,False
2015-06-04,34.00910465646424,10.851847654286118,88.46952243674139,False
2015-06-05,30.21935399659787,1.11515637433947,69.72048070220808,False
2015-06-06,30.745347222552727,5.324320151859387,77.79785671379705,False
2015-06-07,29.857263643114837,3.863687380761173,42.89425053503904,False
2015-06-08,27.43039055741885,5.486734925196984,80.88484271286609,False
2015-06-09,26.54007636112069,1.8274584457625356,86.69623239129365,False
2015-06-10,28.339099063699315,2.7602236332032364,55.48900430000498,False
2015-06-11,27.36789517808466,5.5605244576443065,61.15999550856644,False
2015-06-12,26.20268851785871,8.883774596707044,67.16886370014137,False
2015-06-13,29.46450465611925,4.778678076881032,51.14094196520215,False
2015-06-14,30.646325259407277,19.66504494228281,84.5301946842662,False
2015-06-15,25.342837342748712,8.053631487365747,42.47038512540645,False
2015-06-16,26.17569881301599,5.439246931731655,55.610445107085816,False
2015-06-17,22.93257969425593,0.9615456426886576,48.60510203831857,False
2015-06-18,27.8978116507359,3.832216559319401,50.588540444089375,False
2015-06-19,26.93193430394823,0.3999824294868395,67.00139348121509,False
2015-06-20,28.270504599852025,7.696970290645967,75.35424147119843,False
2015-06-21,25.17929874154435,2.259706909001742,42.66642883296168,False
2015-06-22,24.40003647865187,7.055353756724068,46.56624315880023,False
2015-06-23,26.23831651220843,6.714946713168272,82.8344436186135,False
2015-06-24,25.238896769036373,6.051847661385418,71.08808626987863,False
2015-06-25,26.842522121449296,7.951113610639473,68.82943155841576,False
2015-06-26,24.58768363672588,1.3899417756138956,60.95982926034261,False
2015-06-27,27.10442445653176,1.764173445487227,86.12006058544821,False
2015-06-28,24.933848555258702,11.831835089481457,67.24356143362556,False
2015-06-29,25.797264612824517,4.229430851227695,64.5925859104826,False
2015-06-30,25.48160168709081,3.6010792386676247,64.62858924436024,False
2015-07-01,21.522351445037817,6.083978325117721,89.80273666083605,False
2015-07-02,27.182388818490075,0.7014809604206622,68.43369284443017,False
2015-07-03,26.247454724983456,7.864479823882261,75.7935201630388,False
2015-07-04,24.0229257326038,5.468490389055111,53.353168865469534,False
2015-07-05,23.162856171400872,0.935423551634139,88.04823473648905,False
2015-07-06,24.04729249648473,2.0164388175775656,75.08360006235674,False
2015-07-07,24.80365321389673,3.83311969054749,58.31006001085957,False
2015-07-08,22.442558386990804,9.661931599804396,73.98083565790863,False
2015-07-09,26.650520999773214,0.8953844861835553,65.05253144184292,False
2015-07-10,24.165445554181755,3.809062306745857,75.20299724998483,False
2015-07-11,19.898338161432772,7.045076596024549,49.33287666592331,False
2015-07-12,21.68253127127778,0.4369195754513976,46.89872782387263,False
2015-07-13,22.167565359124303,2.4906192260611264,61.97262025283657,False
2015-07-14,22.43982186259793,1.3810240303790524,76.84225799154979,False
2015-07-15,25.424680156859157,4.104250242509162,79.69298362276642,False
2015-07-16,26.18265815420772,3.14314025497556,57.0350490224776,False
2015-07-17,18.884906511465687,1.8482064893417736,61.93944646198016,False
2015-07-18,26.84885180401656,3.7909077532564415,89.50184693253148,False
2015-07-19,17.582692873895336,0.7387330497690923,42.18758928818983,False
2015-07-20,22.40557241479501,8.142307614426409,73.58391385592003,False
2015-07-21,22.095112822902685,5.806465515234595,59.54093821810086,False
2015-07-22,24.33364799470622,2.496234456237209,76.85590897135506,False
2015-07-23,22.498883497328997,4.186187350778297,43.329260157187946,False
2015-07-24,20.34251415284076,0.7727057673066275,49.79754998611647,False
2015-07-25,22.08344458861421,1.381762677806888,52.59318716265375,False
2015-07-26,20.903319467987725,7.516253338409315,42.71649502800384,False
2015-07-27,20.103646786612547,4.3609901660772445,59.216786768427134,False
2015-07-28,20.4017231670532,2.6772695139534246,73.85121636321473,False
2015-07-29,17.614864633012424,4.121200336849966,61.72667740038633,False
2015-07-30,21.993817269937463,1.1475188220337351,77.23311614140349,False
2015-07-31,21.349916693918317,7.613036552508693,49.88166800686204,False
2015-08-01,23.77338319728626,1.83986316173547,53.33986199892713,False
2015-08-02,20.78421397748637,1.3346185022794483,66.23386034608767,False
2015-08-03,19.441167175480267,4.987972295049684,40.64982793016435,False
2015-08-04,19.001133032811843,2.657594197097636,58.51865616131936,False
2015-08-05,21.95914265297388,4.203106531277518,48.16353117919902,False
2015-08-06,18.675585133152683,7.643966891185348,61.203958214908525,False
2015-08-07,17.678867908768662,3.098417694863331,89.8113751631773,False
2015-08-08,18.65648129387333,2.183299102934809,46.61755024710132,False
2015-08-09,17.76892455723742,4.804913892210935,87.04345724027614,False
2015-08-10,21.043783484714645,4.886447135627081,72.39114212398614,False
2015-08-11,19.072282377468436,4.6406677726427805,41.9624062684025,False
2015-08-12,16.9020374054795,9.045813468049806,62.76939616551558,False
2015-08-13,17.54848958442559,3.472333032437928,78.08678617881257,False
2015-08-14,21.470763188019045,2.587797277364737,69.4977986052928,False
2015-08-15,20.860174530617133,1.2104910787095784,88.93696442949766,False
2015-08-16,15.42709571532956,7.344106411382982,67.01148457656967,False
2015-08-17,17.702983728821867,4.839712442812759,50.52814283485165,False
2015-08-18,14.218146977195024,1.7917565780976965,74.52719978098034,False
2015-08-19,15.715523524125969,5.581801971970131,85.80596154920656,False
2015-08-20,19.32790895715877,4.817301477056831,65.68636879562945,False
2015-08-21,16.58138284854702,1.097907808956442,43.99012205835391,False
2015-08-22,18.73724289364658,3.124986270932745,45.90965269630208,False
2015-08-23,15.670779423155512,0.5862274728963861,77.30134577531504,False
2015-08-24,17.073206906059852,2.14440274462048,84.58993640760454,False
2015-08-25,17.67932591568448,1.56308444809227,40.383733166817215,False
2015-08-26,17.12906404127361,1.5612992629303466,55.448869521011225,False
2015-08-27,20.193884473063477,1.7054271267376415,40.40138513814138,False
2015-08-28,16.108672186647475,6.288301155322934,62.30996797006191,False
2015-08-29,19.008764291860448,2.022542169609269,88.00203136464322,False
2015-08-30,14.907027941847476,4.603269365126321,76.39669040642819,False
2015-08-31,15.977557603415494,0.7085315585122353,52.31871179657061,False
2015-09-01,16.187761833877442,2.670713049338524,66.76115705089776,False
2015-09-02,17.822272041938177,4.134360096942483,74.94891794665978,False
2015-09-03,16.28390496541935,3.441803861590025,61.01660378921329,False
2015-09-04,14.724218208614223,0.2247693317486591,80.49896424951606,False
2015-09-05,15.396975718711277,8.811532060341309,68.75022451276499,False
2015-09-06,16.052051788898964,2.903228200277535,49.86936986693267,False
2015-09-07,13.44748461118957,0.4507659904885753,74.34463442266028,False
2015-09-08,18.270154544085926,5.185160430972997,82.23513577486108,False
2015-09-09,15.295112194861336,0.5270597660200212,83.30241829743883,False
2015-09-10,12.77448942121496,3.0082928900035197,40.446844961313744,False
2015-09-11,16.497761649838935,1.6826872193546858,43.39581474589086,False
2015-09-12,13.08598835094914,3.293203508840697,58.73477444317213,False
2015-09-13,17.716546037579153,1.8919008002191084,52.53916521456048,False
2015-09-14,22.028021843566293,3.4138497978637146,56.84161229015442,False
2015-09-15,18.060472374505757,7.067406421969404,51.99318709098159,False
2015-09-16,14.80914125543258,3.248651000538813,69.5277479856867,False
2015-09-17,15.390651192902755,1.8414702006078487,89.96856233315623,False
2015-09-18,14.98713818239738,2.7212325730553,56.68356228137357,False
2015-09-19,15.136304294397018,7.928009687035579,86.43972518321237,False
2015-09-20,15.018687558205562,1.37720640040816,78.57439253288942,False
2015-09-21,18.03726902359604,2.463808333272723,79.78393279356507,False
2015-09-22,17.112484464735992,1.7969696962766044,48.34320579550896,False
2015-09-23,15.178348291003958,1.7320627013807803,73.00830696299965,False
2015-09-24,13.635339226114684,1.6190044230832177,88.01682463281429,False
2015-09-25,14.5521664453624,1.99603258500811,84.4731013995507,False
2015-09-26,14.693242104838411,7.559149716001493,48.5998957257672,False
2015-09-27,14.564173171063642,2.161332910076414,72.31145069117755,False
2015-09-28,16.023509468163166,3.379727635882928,46.811426162608605,False
2015-09-29,15.453452575949113,0.568463160800681,74.3191169649705,False
2015-09-30,16.241547159192304,10.251130738419432,48.16391419343465,False
2015-10-01,14.757670008091038,7.0106133527576455,85.58935095995672,False
2015-10-02,14.263702497010762,0.6447063702828194,79.67725854251199,False
2015-10-03,11.093845417409938,3.419436243054241,86.59052965727557,False
2015-10-04,11.784880473009457,9.042427182230574,65.87061619051087,False
2015-10-05,13.15052082378898,2.3457510136864466,85.44930544126893,False
2015-10-06,14.85790138386587,4.7665316904981125,79.84681262712989,False
2015-10-07,15.873211358251933,8.74302213574486,62.78275954268828,False
2015-10-08,16.308110437285336,2.4013156868288683,61.75755988559165,False
2015-10-09,13.68853085238742,4.838579916892389,63.583671018762175,False
2015-10-10,10.617690085205908,1.327281815839236,60.504408142190925,False
2015-10-11,17.17594196869845,1.342389220398121,74.9536479096291,False
2015-10-12,14.331731967253065,5.367660311688017,67.52009376638514,False
2015-10-13,13.201958814981989,1.5140198478410958,43.64649337029909,False
2015-10-14,13.504317337813143,4.718828985454359,78.41504528613518,False
2015-10-15,15.476920595290007,5.192058967530538,54.33198535802436,False
2015-10-16,19.45514084440108,1.930234402086056,75.64141042832108,False
2015-10-17,14.240733530474609,1.409282860767784,58.408931499690624,False
2015-10-18,16.492912778212826,4.890449211546361,86.98964176787791,False
2015-10-19,19.646303992157403,0.9316072084203546,68.33410294564473,False
2015-10-20,11.34515031065298,1.1882168587453976,62.53001224135397,False
2015-10-21,14.37417868549822,3.782973687352151,53.15381561070812,False
2015-10-22,11.58678457953177,2.053789149665047,48.45874096422105,False
2015-10-23,15.636643226290852,2.1084513298415613,79.47593715270153,False
2015-10-24,12.831653160250315,4.121038308165276,69.00044585088187,False
2015-10-25,17.521725734734826,4.370441543338824,76.06260269058895,False
2015-10-26,16.09107778129388,1.581231751818847,73.11578464400105,False
2015-10-27,17.013052657268396,5.004185217186009,50.11732167181916,False
2015-10-28,18.891765999313986,0.3445968462086204,86.42915538176607,False
2015-10-29,19.364990972234278,3.717439437426896,75.02181478972724,False
2015-10-30,14.318971281995092,1.9126491507786896,46.60280154103483,False
2015-10-31,16.02484725030313,0.956923415909678,52.720646678726496,False
2015-11-01,16.976863562225397,9.972019603311038,43.23024652708696,False
2015-11-02,14.027165469379428,2.70129127513654,50.87404405108456,False
2015-11-03,18.41289491409417,2.8944394056010285,51.43575325667128,False
2015-11-04,16.486499231143796,1.9531872080475323,68.1836994250811,False
2015-11-05,18.95189425263904,1.0790628631889647,73.56110808086845,False
2015-11-06,16.485032852277723,2.5914944823699395,42.543186630431215,False
2015-11-07,14.366929476160236,4.259065749013583,75.65335928041432,False
2015-11-08,17.144615917736935,2.9901072497614707,79.8016989442751,False
2015-11-09,18.730977957104077,5.796442687370512,88.48331228890913,False
2015-11-10,13.571239898427695,2.5095116976314924,56.587649144589626,False
2015-11-11,20.41384094279033,1.0925316460501433,69.84874476488743,False
2015-11-12,16.776646644113644,2.588530424572088,44.951317188920434,False
2015-11-13,17.781652094760748,7.411181419837578,84.8773450917364,False
2015-11-14,20.433817527097368,5.607997015287442,69.1789168258816,False
2015-11-15,15.501351889678372,1.177857301423063,79.53349860395156,False
2015-11-16,18.77920578459073,1.6850946249269214,52.33622808983585,False
2015-11-17,18.02857397365583,0.8542575588263492,65.93874860444042,False
2015-11-18,20.59140167567296,7.851851982001061,59.0117906423384,False
2015-11-19,19.02109147315596,0.3331778037709789,47.48022924123853,False
2015-11-20,20.00345457905044,2.1129234431126176,68.84747269235697,False
2015-11-21,16.970815035443373,11.660744607751116,83.11411729482421,False
2015-11-22,18.83027844521172,9.347441170572369,72.59627669383302,False
2015-11-23,21.00811080426064,5.678507160360283,60.38525506900052,False
2015-11-24,16.237285285913295,9.21894889524025,89.8514742319176,False
2015-11-25,18.91647268658865,2.7118419168362324,71.6940185702257,False
2015-11-26,19.89313331924067,1.4656280374304418,85.58946969517157,False
2015-11-27,19.915880440441946,3.0310739174165886,40.27674047452976,False
2015-11-28,20.545086054953465,5.245761619074648,50.52505534417016,False
2015-11-29,17.51165463390495,14.038094871970175,49.59328832012604,False
2015-11-30,20.1426906537531,2.333508305386168,52.76420178366532,False
2015-12-01,21.135944000351746,5.019229051659321,52.70350788951653,False
2015-12-02,20.66530348702775,2.814978971927298,76.11664447314226,False
2015-12-03,20.708107179712226,0.7990095881079666,67.41432307492249,False
2015-12-04,18.931640261230168,1.644689561573103,82.34470884989858,False
2015-12-05,20.32268253369685,7.996112926908645,67.36534529700265,False
2015-12-06,20.162694152818133,14.912664591709229,56.44083687187998,False
2015-12-07,20.603656941761862,4.382910387558198,72.96208960241778,False
2015-12-08,21.69882375097564,2.3810180633912434,86.15883090177441,False
2015-12-09,23.924742629023484,4.1493454463915205,63.576120617328144,False
2015-12-10,18.99034888244792,1.7304707977077338,72.49325577675054,False
2015-12-11,21.129769502490905,0.3149926140741298,57.91714248105429,False
2015-12-12,17.757364618294854,3.223457846111016,44.02170760458546,False
2015-12-13,23.95454460349633,3.013725873802324,65.31232057671045,False
2015-12-14,24.17309477345252,1.068719919864449,59.01011543536285,False
2015-12-15,20.769873567902305,1.8490397534175136,40.08011245942466,False
2015-12-16,27.39659792293192,8.613323804820192,60.8550193376758,False
2015-12-17,25.436296357418584,7.661364918444288,43.71295738753286,False
2015-12-18,23.04027906441704,2.982297699064232,64.40332629939378,False
2015-12-19,19.09710448917129,12.428527840419637,68.66046828162146,False
2015-12-20,24.54870822972955,4.003512598719031,57.31144275326548,False
2015-12-21,25.44651846730346,0.9647450512890196,84.78879583614228,False
2015-12-22,23.22522735301025,10.503328753277314,89.79137236511666,False
2015-12-23,23.37332309204856,5.098185277176974,55.829451772509664,False
2015-12-24,24.197269506660543,0.5398099915930912,49.70842596355847,False
2015-12-25,25.7910584300053,9.66882022672422,88.04194980082906,False
2015-12-26,21.410510421291185,3.944727506935769,47.94217658898849,False
2015-12-27,24.402074676159955,3.8082132487146425,45.45942194799498,False
2015-12-28,21.86389022754297,5.554868431490499,79.4814074220499,False
2015-12-29,22.672606543674235,1.6209332332575734,78.34718337829634,False
2015-12-30,21.79942340766577,3.592906015119872,56.51328411111986,False
2015-12-31,26.78106683852666,0.3228758230606951,59.30881296882653,False
2016-01-01,23.534365891329628,0.8205828888648818,71.03695455657277,False
2016-01-02,22.396230483226965,2.4485641338427526,70.15350132327711,False
2016-01-03,24.27050218762568,5.713151983941452,65.21042270648304,False
2016-01-04,26.08693838810633,4.90252894666185,88.10913498862965,False
2016-01-05,26.33547987185512,2.8799408099352277,68.15422934623996,False
2016-01-06,28.24260017169493,1.5661295154407309,69.73736843346404,False
2016-01-07,26.46206531164125,3.177081721829228,53.27452406582536,False
2016-01-08,24.89642115970679,9.276622085407704,50.41224013478176,False
2016-01-09,25.256879545792803,5.402267005736038,83.55751561381412,False
2016-01-10,27.769233248125524,2.726445368367231,45.1022231031123,False
2016-01-11,23.512813068671203,6.829280439091121,89.21380290910184,False
2016-01-12,28.05321138874879,0.6656514995892713,55.99171965470487,False
2016-01-13,27.86689758133985,4.494440719651795,77.45769425691768,False
2016-01-14,30.180389654539574,3.503947689323672,75.1359298943423,False
2016-01-15,28.842976048574013,6.924011621706387,79.27142694742956,False
2016-01-16,26.60550297988984,5.564176245456975,51.71327710793258,False
2016-01-17,30.156843023311005,1.4096163908995822,54.66472816218335,False
2016-01-18,26.83395676502482,2.871178133537046,62.37764467419922,False
2016-01-19,29.28048232260281,3.399349737031136,66.0612200310992,False
2016-01-20,24.77539650102729,4.898887838574046,51.01055316842256,False
2016-01-21,26.084579614045047,1.5382112597789042,59.38782962148491,False
2016-01-22,27.87425872089956,4.490848086700922,47.92007730530088,False
2016-01-23,29.82078532298124,7.561186337098626,76.22640042164882,False
2016-01-24,30.24335129236755,0.4270860592015721,81.12606825930425,False
2016-01-25,32.85427769325326,4.098498138176757,45.02164663406635,False
2016-01-26,30.911651312515662,3.859836773585188,58.98198141547002,False
2016-01-27,32.43619561574938,10.76651945487852,45.01858732698231,False
2016-01-28,29.88796133862287,1.884463162555116,42.07871674624731,False
2016-01-29,32.12340150966457,5.917545713621941,47.63432297797058,False
2016-01-30,27.79548228066912,1.248204629778841,66.86637755888134,False
2016-01-31,29.023857876679763,4.613795954469074,61.37809325055533,False
2016-02-01,28.99028466092593,7.316588493134514,61.5770803135328,False
2016-02-02,31.715045990752145,1.24162176806745,69.31833759175848,False
2016-02-03,28.256077649660647,3.097727661370495,79.72210401950386,False
2016-02-04,29.9584248159572,2.2500951265162787,65.24914115822698,False
2016-02-05,32.40587188845323,0.6683257826498286,52.80779366014562,False
2016-02-06,31.268400056650567,2.6783435055413825,62.4525800123345,False
2016-02-07,29.393780287383297,0.5960230125984745,60.59080675754036,False
2016-02-08,33.7255567808274,12.267850615678183,53.47979960214322,False
2016-02-09,32.67674536894515,14.428645279895708,73.3017931458743,False
2016-02-10,28.64236014697761,1.1905994655016512,70.5623941376182,False
2016-02-11,28.207205027435315,7.454609410552412,88.32893611485291,False
2016-02-12,34.416575502169515,3.5903544992967227,76.76381690066415,False
2016-02-13,29.47548092082525,1.0309039239191229,64.50672051927775,False
2016-02-14,29.906262428650265,2.212203718777875,75.54708495455972,False
2016-02-15,32.059988861867595,6.600208897823691,73.68369820004942,False
2016-02-16,31.66461105337675,8.068727177147037,58.05710971303864,False
2016-02-17,34.86230874698116,1.0774625190668967,66.71500424643123,False
2016-02-18,32.79280685497645,1.0462234736519558,70.82945061113877,False
2016-02-19,33.94588812774784,1.974551010000448,77.67164818892616,False
2016-02-20,34.53951635052263,1.2596560573458369,64.37562589699513,False
2016-02-21,30.442972951719167,4.936988640189281,58.03216919676579,False
2016-02-22,31.905274643896853,2.356254014868912,67.6652603897274,False
2016-02-23,34.66756045543844,6.62007862888709,43.51671822266882,False
2016-02-24,30.036580507617053,6.498180023023375,45.33970155650819,False
2016-02-25,31.742774531590115,0.6489769289678016,42.18873560627635,False
2016-02-26,34.27591428393851,1.042314382660257,64.02245450577928,False
2016-02-27,35.80626091234274,3.5113083079619054,70.31946841241307,False
2016-02-28,31.637518261687468,0.9206649811448822,42.741710472789386,False
2016-02-29,30.397018491364115,2.6793652405858897,84.71822198777039,False
2016-03-01,29.67141011330984,1.832103937966255,40.37535354647671,False
2016-03-02,34.197873434198115,1.3115042351297836,79.97976851947669,False
2016-03-03,35.3434503041602,5.532044387649332,51.10746168175447,False
2016-03-04,34.999955415028104,1.0170518307334289,89.19247507929717,False
2016-03-05,33.531938443262966,2.54122098671704,84.45495223719982,False
2016-03-06,34.89537877542175,5.405526206671724,75.20254624573028,False
2016-03-07,35.48956019966722,3.3232220738374307,71.12866940744648,False
2016-03-08,34.35953514031948,2.182677366521332,67.36593592391111,False
2016-03-09,33.23946500590832,3.1071774335437645,69.9724511919782,False
2016-03-10,37.12209598115044,9.670037790516512,84.81257599698395,False
2016-03-11,32.3003462914856,5.319040040927308,69.86765334013992,False
2016-03-12,33.068079138796975,1.302942991211335,44.26245037339972,False
2016-03-13,32.5870613207069,1.5878671904527937,55.08188178775748,False
2016-03-14,34.34765612573066,3.355525533253147,48.49380238838397,False
2016-03-15,34.43753549085121,3.565950564376008,64.66228062383064,False
2016-03-16,37.47571501294371,2.770130405896976,78.24574359558125,False
2016-03-17,39.52624076764563,4.750319557196229,49.04834129635418,False
2016-03-18,33.73265918365944,3.931014450856744,74.91724695417159,False
2016-03-19,32.86267342632893,3.004565189823639,43.32193404165303,False
2016-03-20,33.64749702887555,4.286637518186614,60.00621658347908,False
2016-03-21,33.404358868837434,2.530688631475376,42.14980039628292,False
2016-03-22,37.0110221977674,6.525377183189415,41.600885069820826,False
2016-03-23,34.72662007907696,2.3224638136812823,43.947345423792754,False
2016-03-24,36.59959511811713,2.1638533799621658,67.83344002621084,False
2016-03-25,34.68437721457898,4.973170978219664,51.49281147839386,False
2016-03-26,33.237544621034914,5.654893008592478,65.21706533124573,False
2016-03-27,40.75492639636181,5.351868487593342,49.65600759019879,True
2016-03-28,33.68508300377572,1.03645136734587,43.013664321503335,False
2016-03-29,32.5317879535703,5.27370435136227,49.562439282886615,False
2016-03-30,36.19798242582002,2.322572747370787,78.1769016113715,False
2016-03-31,36.1893943190854,6.704656777131244,63.83762589618975,False
2016-04-01,33.405799106045514,5.049188973901385,55.64630389098532,False
2016-04-02,34.11676112982168,1.272345852753866,65.03754682153871,False
2016-04-03,32.32421677888541,6.047645627742649,71.38522208400315,False
2016-04-04,34.877641683520565,1.05755346652143,85.49366712214817,False
2016-04-05,33.631378408791626,2.7697194340096907,48.42912560421928,False
2016-04-06,32.838438072363964,4.275326226978113,45.80851254966335,False
2016-04-07,32.613567498636485,3.6340976681664814,79.40174631519774,False
2016-04-08,37.64624639327785,0.8417709886786697,74.3107256601455,False
2016-04-09,33.00779141865523,6.140318601489792,42.1243461819276,False
2016-04-10,32.29910043027186,2.2696017375926507,54.43954532910477,False
2016-04-11,34.785221544733695,1.94507212965246,46.32137652090771,False
2016-04-12,32.26335144924469,2.191546970951637,71.01679669470866,False
2016-04-13,36.87394108129094,4.252820725529784,64.96594217157198,False
2016-04-14,33.7280675630401,12.271713073123072,43.28962997692504,False
2016-04-15,35.54937997815725,4.501377121909044,52.0835294165987,False
2016-04-16,30.387232284831214,6.801758509290254,54.42024117110678,False
2016-04-17,36.3520734729732,4.859203554513059,81.9960078640587,False
2016-04-18,34.88917353161525,6.004509881770498,84.87574151828483,False
2016-04-19,36.79415097445605,2.6958556909089357,43.420599888267965,False
2016-04-20,34.37511882354955,0.6559791035297429,70.64841831346432,False
2016-04-21,33.985870860700835,4.152469975880153,52.52487325886794,False
2016-04-22,34.84772130933603,8.036699207194136,52.0116107900475,False
2016-04-23,36.22829915659727,1.4330697645402484,70.42855926762812,False
2016-04-24,34.71186391157603,0.7224631947837343,81.21996541633129,False
2016-04-25,31.30976176295148,1.2127713050742153,80.09023878452503,False
2016-04-26,37.3085805941636,1.2376737607694035,86.99915840579867,False
2016-04-27,31.89334184743102,3.039293620058545,66.14813373257368,False
2016-04-28,34.56196586440731,1.9409633916131168,64.72968192751279,False
2016-04-29,30.74017646240581,2.999606453645268,40.2528685037408,False
2016-04-30,32.21845909113301,1.6831176557572611,70.3270964943921,False
2016-05-01,32.64090234636117,3.680667458754285,77.80897331881724,False
2016-05-02,33.62526865482421,0.3532471721868447,48.064792233385525,False
2016-05-03,30.91490636822091,2.2789067926941677,80.32511741089615,False
2016-05-04,33.80424437250541,1.5027041541123876,55.60759174656701,False
2016-05-05,30.57814879161785,0.9645931798070768,72.90945553703662,False
2016-05-06,30.099769578270728,4.867345920611447,56.0983005190193,False
2016-05-07,35.14759706748916,4.650547198246711,59.64788504501257,False
2016-05-08,32.06866797007508,4.304774699748132,66.66895773112594,False
2016-05-09,31.22658369230657,1.9415582236389188,71.91166563495699,False
2016-05-10,33.53865315939764,2.60445860180574,76.76073781767943,False
2016-05-11,31.741988700063423,4.811864267055275,42.02673176495766,False
2016-05-12,33.589787207802544,3.984878557524234,67.65803699136106,False
2016-05-13,33.10981239465331,2.538161036265239,60.08768679730722,False
2016-05-14,35.02175803311962,2.1868462894042917,42.53662674650715,False
2016-05-15,31.545023121927887,0.5257370196983018,51.32691627647701,False
2016-05-16,28.270468861591272,1.1501626330294494,77.05286981699746,False
2016-05-17,30.564747664503138,4.812945223139318,66.57860304780482,False
2016-05-18,32.613384530396075,4.050626127888366,89.31059077985114,False
2016-05-19,34.3156382923121,3.4085551286663605,55.41386550792734,False
2016-05-20,29.134055551955385,4.317671335871673,75.24521657246162,False
2016-05-21,31.423074883214685,1.7277695740622905,83.18525487172337,False
2016-05-22,30.044242319620672,3.5360348187444246,49.58164793197933,False
2016-05-23,30.868240693082857,2.290371825246133,42.45650688301205,False
2016-05-24,29.88229178367804,5.304544956629056,57.83271611996042,False
2016-05-25,32.92340858312154,9.814201042126047,80.24257372035476,False
2016-05-26,34.87874105428276,2.765611807757753,53.73257295315167,False
2016-05-27,29.98054276692353,8.238516778397539,81.9698573599378,False
2016-05-28,29.6985963783205,1.1320881836043644,51.57065945452519,False
2016-05-29,32.580200697895734,2.837818644112464,51.39545271548139,False
2016-05-30,29.37202776273773,5.266799538115966,87.34953081115835,False
2016-05-31,28.822422638816185,3.2270374200403094,88.00797829908029,False
2016-06-01,27.039196780763056,2.601741351625317,86.43789431866173,False
2016-06-02,29.095937180886654,1.2032605111319743,49.03828188813117,False
2016-06-03,32.5959890889402,6.395689084706561,66.33495690469098,False
2016-06-04,32.938637023501,0.5004004544239222,57.30356004990673,False
2016-06-05,28.017703269522656,6.91511212858662,89.89184207510229,False
2016-06-06,30.28766299083209,4.5068182312816365,50.49306121391817,False
2016-06-07,34.35590740370304,3.8962920633154714,49.59955843444965,False
2016-06-08,26.80464765824245,0.4016694700077148,53.1663829547956,False
2016-06-09,26.75725230222305,8.437403800149367,83.8593326011351,False
2016-06-10,28.618025265205816,1.2065044413073711,52.51619932384968,False
2016-06-11,28.617953321649328,4.343039479310985,78.52612463590451,False
2016-06-12,27.226765683885777,5.032527472459251,87.5840861871365,False
2016-06-13,23.440509152972755,4.478118883008023,40.47078841098486,False
2016-06-14,25.528371886538665,4.378076435021312,51.2637945562258,False
2016-06-15,27.76093968947218,2.86478470100548,47.17402129183095,False
2016-06-16,26.87211571772595,1.74780682555251,49.5321743599287,False
2016-06-17,25.330180376942614,4.548792625456305,80.10647521070513,False
2016-06-18,24.634508411907404,2.5700687955756125,83.0576571238501,False
2016-06-19,25.603404999511287,1.9471794783691851,66.6951493772182,False
2016-06-20,29.677778640273846,0.3622805335403412,67.69609325376501,False
2016-06-21,26.64407051929728,4.003042592458749,57.34689864384004,False
2016-06-22,26.331669143654683,4.538498712790383,88.73059184388467,False
2016-06-23,26.082165175161755,1.1093376424529844,63.70194162970412,False
2016-06-24,23.89474745215623,3.602394177081289,43.980735182425285,False
2016-06-25,25.695378246521724,1.5483709862201076,49.34670809990011,False
2016-06-26,28.70743367208288,6.173212239230071,68.65373059188259,False
2016-06-27,25.964925571321807,0.2847165527066937,53.78835859955649,False
2016-06-28,26.625166798727992,0.2883038055916958,72.80313391232225,False
2016-06-29,24.551987672953214,7.148782439047705,73.03545170288987,False
2016-06-30,27.59051466399308,2.1238033284185494,62.97368829765225,False
2016-07-01,21.433680436914557,4.173392532541392,49.66084881094807,False
2016-07-02,25.178252235233156,0.7128046982159549,64.82196707068877,False
2016-07-03,24.07426647010076,10.451625852612974,59.99993814464006,False
2016-07-04,23.01717861936581,2.4984043111695367,74.99801846921657,False
2016-07-05,25.607948804036543,13.62089489944283,48.03197092955552,False
2016-07-06,27.463906856886823,1.2688167623682478,69.44030357762477,False
2016-07-07,19.1703500906103,5.827769127444489,66.88859702003762,False
2016-07-08,22.98012988090511,3.26520576561494,70.80077895800733,False
2016-07-09,24.802187253208007,0.6877707498547823,77.7859505059034,False
2016-07-10,23.881900151956284,5.628678137258107,49.89936940028139,False
2016-07-11,27.971030710061733,6.6130348977747735,47.98543248691247,False
2016-07-12,25.90545826084074,1.184160301576599,77.42032148958037,False
2016-07-13,23.62273042840706,3.470416963783369,49.90574387347931,False
2016-07-14,24.18356253893497,6.081485992103117,41.35493159027635,False
2016-07-15,23.23120134836627,6.7782376231373656,54.18976943705685,False
2016-07-16,21.839583751938267,2.828958571041355,79.30842887482967,False
2016-07-17,23.021270991579804,0.5865151832301659,80.70293139037989,False
2016-07-18,18.87581368474733,4.730491962444981,42.50955213144368,False
2016-07-19,22.416794200782192,6.155223497661972,68.58443411560626,False
2016-07-20,23.602141536173168,3.4374678445396265,77.75702456418193,False
2016-07-21,22.60094855928029,0.9347004188281844,48.5196317262935,False
2016-07-22,19.99701811925349,2.561969085009196,76.07953408354352,False
2016-07-23,20.153384068373963,1.5061530438670887,73.83445942071609,False
2016-07-24,20.469065510000565,1.3954855086190974,59.24876891981495,False
2016-07-25,21.839020543995534,3.985476607898677,83.42296821843576,False
2016-07-26,22.160173071323392,1.0519078780739035,73.58229900044616,False
2016-07-27,21.94624505048704,3.886692900463555,84.73031120024645,False
2016-07-28,12.508393630632106,5.007802915001338,52.12835052115375,False
2016-07-29,19.834094938667043,3.0267118902357795,68.24402268877856,False
2016-07-30,20.36799457286925,2.614217223409126,64.20916968725217,False
2016-07-31,21.24537462453959,7.140042029245827,40.86487879941758,False
2016-08-01,18.63920124524626,7.597968098275634,50.9379596353847,False
2016-08-02,20.08569767954911,3.2385968899620323,88.0087246150218,False
2016-08-03,17.670531716911825,7.86781619253311,46.22404844875157,False
2016-08-04,20.29374835922991,8.692265856459274,51.99346954664438,False
2016-08-05,19.514742918993235,1.847816116624716,51.98812294557452,False
2016-08-06,15.056312102687777,2.6385789642335085,40.02882716551195,False
2016-08-07,17.638547013308497,1.6885072844219284,74.24357865533682,False
2016-08-08,19.34623534349402,4.50137926750038,63.33222492836054,False
2016-08-09,21.210417580993624,8.332283034995735,76.40351842420154,False
2016-08-10,17.820075273458674,1.9446778752132012,53.82674419645741,False
2016-08-11,19.72262959997793,7.129697940964836,70.72852679753251,False
2016-08-12,17.630883859211405,2.2652306005937266,79.33063485390241,False
2016-08-13,17.604987185732284,4.974941688307639,49.59784780013276,False
2016-08-14,20.197920875086563,2.6466256505649146,64.07405691478428,False
2016-08-15,16.383414352001353,2.7636572507075448,62.69257547710605,False
2016-08-16,17.574218795709914,5.553850782639489,86.67319771382698,False
2016-08-17,20.74712436170416,3.4554770238854937,63.57155027768684,False
2016-08-18,16.236093112726905,11.562129265267126,57.43820815760425,False
2016-08-19,19.51531270234204,2.116705678001233,44.06589326424712,False
2016-08-20,17.849822485306298,2.2644929383446435,71.47353889265503,False
2016-08-21,17.612689066939595,5.964943544404553,73.12826702272555,False
2016-08-22,15.594086457129295,2.486206871429617,81.895743381648,False
2016-08-23,12.99943085552917,3.0918684287891898,84.44068473118537,False
2016-08-24,17.48263574104785,7.810221515985131,68.23771397519641,False
2016-08-25,14.103704501083886,3.701214791309429,51.33466868220523,False
2016-08-26,17.350025098327244,1.8631896217744448,46.3689363777375,False
2016-08-27,18.72055959593608,9.334245750756033,40.53919650977706,False
2016-08-28,15.757778812280726,4.416383596720678,66.1159167403512,False
2016-08-29,18.609934989221284,1.3640881395275604,58.12221113952244,False
2016-08-30,16.36971347591334,0.5466702001814451,75.46883643534531,False
2016-08-31,17.038929925535193,6.541861678388851,40.53580678557784,False
2016-09-01,14.540600883718678,9.5980444842539,68.94542255834969,False
2016-09-02,17.040063038694115,2.695200017933252,71.39326330036094,False
2016-09-03,12.328007020813926,3.7073702571447527,57.72106880771186,False
2016-09-04,14.970690558645,4.031638305502056,59.49273482215173,False
2016-09-05,15.361411567068124,7.327453051207784,42.1389568300648,False
2016-09-06,14.322696556728044,6.507795449998389,77.10827708603348,False
2016-09-07,12.448498405528069,2.565295899977144,50.18279370736085,False
2016-09-08,17.78387468574154,0.9798580749500492,52.88283550644019,False
2016-09-09,14.453302485473438,4.651409881130975,56.85802117076471,False
2016-09-10,13.77665387536926,2.1445313793820797,65.72964297752927,False
2016-09-11,16.32750087818349,2.8596717058500727,67.53218285957914,False
2016-09-12,14.854387524402204,7.597587183523085,81.5661134752862,False
2016-09-13,18.230020611355503,11.988280925091637,63.93906762376656,False
2016-09-14,15.105619200510912,1.3814382743599571,72.9311784875982,False
2016-09-15,16.215197538933964,6.724540151774438,64.39869987224172,False
2016-09-16,15.793484443940445,0.916256311521466,85.32100767046124,False
2016-09-17,11.81277369931084,7.585781614019615,52.24503021362546,False
2016-09-18,13.57425491803119,3.0858862746795266,52.20028995143824,False
2016-09-19,15.39344815683903,3.626106450404568,42.78876832138383,False
2016-09-20,15.90408224949315,1.7283504116349402,89.28844666929183,False
2016-09-21,17.27554902531084,2.8131511210642794,70.58447170142006,False
2016-09-22,15.843138951139622,2.626548224095773,49.97852382888945,False
2016-09-23,13.810072164228368,2.7176420130661074,88.98424351499395,False
2016-09-24,17.436582483003146,2.0012795730054997,59.71181507643296,False
2016-09-25,15.711839804589692,0.544508930826593,62.29488575045624,False
2016-09-26,15.095492957705527,1.7846527791634808,62.33641490104667,False
2016-09-27,16.414071138159034,3.7700182008674905,52.80720674888695,False
2016-09-28,13.851749315767137,1.5344226796678473,72.43458591253872,False
2016-09-29,17.801958975077863,4.714564831647631,75.93783792482601,False
2016-09-30,10.504551138727768,5.230254781457257,77.77392232723949,False
2016-10-01,14.8915842622731,2.724546078328693,44.36941581517858,False
2016-10-02,14.394488338864669,5.3607180360061415,78.29495866494754,False
2016-10-03,14.53476190275535,2.5578191438920435,80.15977766296686,False
2016-10-04,15.506146900874183,2.606407452464321,43.15863189229477,False
2016-10-05,16.059107744353586,3.366096742670732,58.8397208329022,False
2016-10-06,14.46597733605488,7.514283834717944,84.84870056334407,False
2016-10-07,14.482578355006163,1.223880518197959,59.98503000157359,False
2016-10-08,16.7652136351905,4.224162669868199,53.865697945039145,False
2016-10-09,12.897621394165585,1.8235011022476824,59.61504087400699,False
2016-10-10,14.53985075018209,3.8843614946234792,47.74507786792424,False
2016-10-11,19.36854566196304,5.170013443030912,82.72263023601283,False
2016-10-12,17.583229513483992,2.262551790153537,45.349093186074526,False
2016-10-13,16.992926928790816,4.611468966143461,67.8328103802989,False
2016-10-14,16.040393510374752,8.279832917272495,64.05479845162307,False
2016-10-15,18.11688737807669,1.7195529889417391,75.84396530466074,False
2016-10-16,12.999793020656956,2.3932953257698397,68.71125609913179,False
2016-10-17,20.538576670178323,3.4287105109302183,86.41313502620352,False
2016-10-18,13.662819119014776,0.707426999368946,47.60131091557923,False
2016-10-19,19.393033695093607,7.793124577939444,62.49699714988384,False
2016-10-20,15.321565133720568,2.917103350717311,74.13319091120414,False
2016-10-21,16.737533134997612,9.668141248506858,45.91688930661461,False
2016-10-22,11.13805855918636,6.464069896258038,50.83821754400178,False
2016-10-23,13.56704227134311,2.5215522858161195,73.72036120599515,False
2016-10-24,14.056697472725393,0.8404071568078624,81.92141891157118,False
2016-10-25,17.69811746752566,3.860369802016288,60.609812961878674,False
2016-10-26,17.91128811633615,2.3540965301526144,88.3817111102254,False
2016-10-27,16.70171804511572,5.105467275559252,64.99608087777861,False
2016-10-28,19.124134153225448,8.807023021640113,53.55117415189137,False
2016-10-29,18.14764539243924,1.519411288628108,83.89224957044021,False
2016-10-30,16.290468175006584,4.420328115066895,71.92923629864022,False
2016-10-31,14.596719659189285,3.0218046486588137,83.17334511169715,False
2016-11-01,17.941637795383883,5.279903194756493,54.359494911056125,False
2016-11-02,18.12017050827828,2.868862856927985,89.87988306700515,False
2016-11-03,15.1549210680534,0.2618549859668622,62.25450191765462,False
2016-11-04,19.43703892755208,1.987292459342474,72.32356256191943,False
2016-11-05,17.89860826807698,3.688848833740038,69.18415843675311,False
2016-11-06,17.95756421000089,4.2803816704639255,85.98641751361767,False
2016-11-07,22.584887546640687,1.1125234432608293,83.7721454967191,False
2016-11-08,18.112437692730875,6.199151006859177,74.41759790874764,False
2016-11-09,14.844448693730886,3.931535108453623,55.874658345239695,False
2016-11-10,16.626904080376356,1.7481491377094192,46.81084913923488,False
2016-11-11,20.204487793537982,0.7338599540167364,73.10237479150447,False
2016-11-12,20.13794464348345,1.82873100328515,88.53343473919728,False
2016-11-13,21.02262587372021,4.23671446385938,88.14117730987641,False
2016-11-14,19.93063473682717,2.326490381059469,40.151411454965455,False
2016-11-15,15.673097088877205,1.357533790405164,45.50420020110873,False
2016-11-16,21.651064239411472,2.818438499987895,86.60492000602626,False
2016-11-17,18.04698935810372,9.534168715723474,51.80781754732064,False
2016-11-18,18.311097475523564,5.110870793506661,41.94125348989628,False
2016-11-19,13.479991299062076,5.14185360673,81.17912016926635,False
2016-11-20,19.427346076933848,1.175221560943171,83.0970352143541,False
2016-11-21,20.99220863438486,11.676201381961745,89.4881425085722,False
2016-11-22,17.47530708430503,2.656389415443822,85.78696618014132,False
2016-11-23,19.43486297766595,7.713334974160818,87.08420247068528,False
2016-11-24,24.17395945294104,4.837554831396921,77.40689840665186,False
2016-11-25,20.68219348857588,7.528184091524643,54.60068322695747,False
2016-11-26,21.141819881610136,5.548427279054794,79.25498530204116,False
2016-11-27,21.080129195860053,7.104216067382198,75.44223849770574,False
2016-11-28,21.35704205409952,2.2862445362617083,85.3358500699659,False
2016-11-29,20.529656535624685,3.288684325812292,89.20705708587718,False
2016-11-30,18.80928105042451,3.3409962045801875,47.123743854888296,False
2016-12-01,22.10824780408751,3.6329739061144615,80.73475255131977,False
2016-12-02,17.614295885592213,2.7644888298017603,89.36148464123244,False
2016-12-03,20.807261243746407,1.3412213386309986,50.637943588473775,False
2016-12-04,21.959007773920337,7.289471430879613,60.78917932233343,False
2016-12-05,19.35346815075223,15.707735486223829,71.57090822975516,False
2016-12-06,17.869707497414066,1.469564600493791,62.887341526627885,False
2016-12-07,20.073827908122123,3.3166842972014483,87.11951992904307,False
2016-12-08,19.09225047096192,2.1237165047355107,88.0770004898443,False
2016-12-09,24.06381988202536,0.9877773155211388,44.38944238381595,False
2016-12-10,22.136320838840103,8.52061172157378,57.86980760319193,False
2016-12-11,17.78113913870395,1.8319237632693104,89.10664091552317,False
2016-12-12,18.349122982404516,0.7664812537573561,57.2800124351492,False
2016-12-13,21.5714325645442,7.336337207064784,78.40040662349546,False
2016-12-14,20.661501697600524,0.3594378657066217,88.61335109136402,False
2016-12-15,20.806168179144365,4.069083218237947,66.0421932333489,False
2016-12-16,21.36721243988435,3.7764833371731177,71.52220643395597,False
2016-12-17,20.47882426852663,0.6787433829379764,71.99461265312118,False
2016-12-18,19.42389226678789,2.107223727680739,46.34537509538424,False
2016-12-19,21.89302728567786,0.4471571769121776,67.29271257500615,False
2016-12-20,22.784895581346085,1.7743567480805655,43.14183331802202,False
2016-12-21,19.85281643363637,8.929384984312916,69.94077250651327,False
2016-12-22,21.840754133219694,4.65993768797391,63.7961887284908,False
2016-12-23,25.32626925697322,17.069585323642524,45.61058299576855,False
2016-12-24,24.691922553758857,4.324177646236595,73.16817734753653,False
2016-12-25,20.976960316456,4.751181672204069,41.29674182745821,False
2016-12-26,25.177420155592472,2.485567721866474,85.30821127325672,False
2016-12-27,27.626149746023007,9.78489073108522,58.27503372008539,False
2016-12-28,27.352761911488155,0.6932556446654913,85.14296049235352,False
2016-12-29,26.67958534875384,4.021931195491906,62.91635258711232,False
2016-12-30,24.722309941680024,2.466866987157214,55.6672912249492,False
2016-12-31,24.621929740779628,6.898751018750535,69.2165215789937,False
2017-01-01,23.04022786904931,5.238950853895332,77.92648033867354,False
2017-01-02,22.25916391347541,7.871831915028129,54.03483804432053,False
2017-01-03,24.683981427779653,3.4224907612496565,60.584967374368446,False
2017-01-04,26.069908725114253,1.540151316976266,57.68164731515931,False
2017-01-05,24.096830030777017,1.7637232387408983,77.116482122918,False
2017-01-06,25.9469735060258,6.053580828615472,73.56406026623253,False
2017-01-07,24.565519649114545,1.440715056011056,43.04630266448584,False
2017-01-08,22.798987075676408,1.2035588433440607,86.77328545077381,False
2017-01-09,26.62206956463436,5.121245099027976,52.54950490057166,False
2017-01-10,29.78357979492411,2.901762656137372,75.6697422994082,False
2017-01-11,25.96379548328505,11.092803779859176,44.12382835189979,False
2017-01-12,26.587473340208863,11.223052927137951,41.11519380731934,False
2017-01-13,26.55843288852463,3.0322776214105143,66.66141947101447,False
2017-01-14,27.6356261306921,8.364819216742747,87.80960036485035,False
2017-01-15,30.06442696214007,6.082184304239084,50.75628977292214,False
2017-01-16,30.37572919115436,1.2234459177141446,43.197857747757055,False
2017-01-17,26.26435493835499,2.3986453351465538,68.26815842720762,False
2017-01-18,29.279494273669997,5.062341879864571,82.6992399774138,False
2017-01-19,27.37210681782352,1.044669553601145,49.60217798374046,False
2017-01-20,27.034705280892545,1.6946085084248208,45.74316566675562,False
2017-01-21,30.455880712128742,3.011459669674465,74.73670213334916,False
2017-01-22,27.689772296546085,3.962965611053135,45.5309404579192,False
2017-01-23,29.07829096027472,10.493186043621671,89.40346279445188,False
2017-01-24,26.769835041152103,2.496623072880858,60.069726653822,False
2017-01-25,26.851974307963463,2.1915746773136133,87.63671217592133,False
2017-01-26,31.6947968295104,0.7210468271856426,88.09284480578575,False
2017-01-27,29.101327525536878,8.078538027408747,85.9420181946738,False
2017-01-28,29.122638264292164,3.287647540311686,52.61194532439294,False
2017-01-29,29.076416906067283,5.12885757522232,49.90720995551751,False
2017-01-30,33.01606145016374,5.198245754315089,40.67237313658384,False
2017-01-31,26.444661694631343,2.330111272568861,80.91586758553632,False
2017-02-01,29.16748277992957,4.1634125062704666,65.05308394428077,False
2017-02-02,31.01608068223477,1.4030415935555804,77.9917694372191,False
2017-02-03,30.50004965370517,13.687464597100805,76.01022044645237,False
2017-02-04,29.782260346451743,5.404419802593025,86.58402172750834,False
2017-02-05,33.98767570478308,6.853662719814464,69.92124734233337,False
2017-02-06,30.145796183662117,8.49450542453789,89.99494285609845,False
2017-02-07,30.1982835389604,2.392790926846242,58.384961223422295,False
2017-02-08,34.69954786742005,0.4122121822775438,82.67878451059796,False
2017-02-09,28.74752121482921,4.42718814249093,79.25916927241963,False
2017-02-10,30.8725277704384,15.244519095654406,80.71678182222443,False
2017-02-11,35.409916475250135,2.9572864448671408,54.05291734627653,False
2017-02-12,31.6484101972421,1.0577218641624542,57.78024375248187,False
2017-02-13,33.71203133534872,8.164807094248323,60.08263338537264,False
2017-02-14,35.42910003141393,1.0378084612739111,58.19581985093873,False
2017-02-15,31.79817214519441,2.126756116627712,67.59387295647552,False
2017-02-16,34.49502459439969,5.883194600788564,86.9016100462188,False
2017-02-17,31.55881832910609,1.476318194259372,75.35921454434876,False
2017-02-18,36.27054294654899,8.183729061343646,81.4000574410909,False
2017-02-19,28.52803444948597,2.288670818356596,79.86844698960516,False
2017-02-20,31.63201420674418,1.4029096273901374,52.77463484720857,False
2017-02-21,32.6908048940312,2.808945932947817,85.52507707347964,False
2017-02-22,31.565412575648036,1.7058828369748122,74.49753637651847,False
2017-02-23,35.64974414067514,4.536438701541911,84.34337281269282,False
2017-02-24,32.79507032970749,1.1947109950967565,83.45222700434263,False
2017-02-25,35.257710964807586,3.468616340229331,56.465648405153615,False
2017-02-26,31.20152198757431,1.7496973387706272,66.14382767720804,False
2017-02-27,30.91275101124104,7.2394901839074945,51.96899196116689,False
2017-02-28,34.24016314331724,20.81852829581949,55.43656960394781,False
2017-03-01,32.41656099754795,5.379140329561949,56.69839255398113,False
2017-03-02,33.06003145049378,2.1590125995292566,85.01651841000884,False
2017-03-03,36.39130367258743,5.167709241526869,83.58270567579741,False
2017-03-04,31.39832763733108,13.401757919092976,57.72166081355175,False
2017-03-05,33.36668543760125,3.2909773726399925,88.2778757019782,False
2017-03-06,34.007282728328654,4.024671902303301,62.20643997201372,False
2017-03-07,35.372899343176094,2.056078615323745,81.75604266004183,False
2017-03-08,32.83948959916551,3.4119212862378,47.287283659439005,False
2017-03-09,31.264704911622623,7.080542488222809,59.8541238686053,False
2017-03-10,35.031758180921386,3.200982508856583,61.5340303563174,False
2017-03-11,34.94724899189281,5.7534893734880495,79.60069160386097,False
2017-03-12,34.83295891923961,2.54854133678283,79.52312534605161,False
2017-03-13,33.05885719725418,3.10810521777191,89.04020799790298,False
2017-03-14,35.75627993400547,4.19261792735682,79.82108727508495,False
2017-03-15,32.20992903033453,3.8051027652196985,68.879662618888,False
2017-03-16,39.90952702858032,2.4710614252577563,70.4243270451384,True
2017-03-17,35.84745051564062,1.4715731759281334,72.81550652535654,False
2017-03-18,38.194419085861405,1.6037103617162511,44.56801685295089,False
2017-03-19,34.0605553464571,0.9161375847485452,48.95401875248752,False
2017-03-20,33.71870172064264,8.763096915623056,68.91483732191624,False
2017-03-21,35.1660149799589,1.958722410060601,46.94315288455138,False
2017-03-22,32.657184096338725,2.5780493759771543,68.25944746661936,False
2017-03-23,32.56130634480389,4.36541129530816,40.50504990904668,False
2017-03-24,29.97449979076606,1.1276708032363665,41.17851103074203,False
2017-03-25,34.52394629298231,3.378561067066303,46.22677450766448,False
2017-03-26,36.97510406693762,0.812095085730678,82.78506945103547,False
2017-03-27,38.18725915054344,2.1140125624392074,75.09716560838442,False
2017-03-28,33.738207179468986,9.647135072141738,54.775181706801874,False
2017-03-29,36.97977940411979,3.1962724302406373,67.44807945629091,False
2017-03-30,33.632521862902834,2.0028280358554085,64.5835215348574,False
2017-03-31,34.34304715177312,2.8012239367129377,80.74473708888924,False
2017-04-01,36.60860766714322,0.7321328946427063,45.19843450482437,False
2017-04-02,35.84396415027154,5.955292654792861,83.79252195247471,False
2017-04-03,32.46151308137336,0.8843475763903558,43.956350658482535,False
2017-04-04,32.72555670441291,3.380225980752087,67.86641934823749,False
2017-04-05,39.5326618357159,5.012605186744804,85.15771678780567,False
2017-04-06,35.486104014233,5.97014111508637,57.42386134773352,False
2017-04-07,34.25050330581766,0.8783279973125913,44.5805078024841,False
2017-04-08,34.30430567501513,9.712353583408078,67.00211408577718,False
2017-04-09,37.4179103923247,13.98986127184165,40.89968409916941,False
2017-04-10,32.83289903455382,0.3235322646155052,42.09889634477278,False
2017-04-11,35.306540820535524,5.11462406018746,88.62042523480306,False
2017-04-12,40.22988566517993,2.61305201734417,40.10005533527336,True
2017-04-13,34.275610801243936,0.9122636785918378,49.76942578617756,False
2017-04-14,36.959407439812125,6.615806490497638,40.029805921495175,False
2017-04-15,34.65408647419767,5.2698831078993775,79.11294907103894,False
2017-04-16,33.92650258539542,6.021349097587608,79.55846902996348,False
2017-04-17,37.56888104282923,3.280588421173157,63.089613901671,False
2017-04-18,32.685242311281975,9.615926440123816,41.232893449550495,False
2017-04-19,34.438271321796854,3.6793243816392422,83.04307906725542,False
2017-04-20,39.46304187602796,3.227801529513778,87.8019505155462,False
2017-04-21,34.21125607122916,2.4460066632675046,74.73731618275251,False
2017-04-22,31.37948022340217,2.649237090792101,59.773266532419896,False
2017-04-23,34.196225611807535,4.251984934536096,71.47698286129776,False
2017-04-24,35.6476722388487,4.186448164509057,70.02713304077893,False
2017-04-25,32.161676204550105,4.636812927607795,67.37450697644297,False
2017-04-26,35.16875528953497,1.378509617195963,56.49653679520257,False
2017-04-27,38.49779937568474,2.4683007963094146,57.90558970087564,False
2017-04-28,32.280002093817394,0.3868689246923136,80.68587169619114,False
2017-04-29,32.87766374341831,4.772670556676524,45.13161730466222,False
2017-04-30,31.288549995881745,5.989421052818228,84.88554863693852,False
2017-05-01,33.76391216371995,0.9432945937215388,40.93696295040021,False
2017-05-02,34.50846463892764,6.3004623032451486,79.43531625490724,False
2017-05-03,32.26229528186737,6.423082953234894,50.85224684385004,False
2017-05-04,34.56082325184695,4.377319038206649,81.22945699681662,False
2017-05-05,34.09166405921015,3.157400938881492,84.4385116277559,False
2017-05-06,34.66592122280953,6.013899282399889,82.6266663956227,False
2017-05-07,33.4135157535998,4.981791466935584,71.7741542881976,False
2017-05-08,39.16774493116464,2.0536503399569077,42.70480396244914,False
2017-05-09,33.659269339315,7.531683432042066,53.453323245650246,False
2017-05-10,33.6607444034603,4.95893465935911,83.75399830112434,False
2017-05-11,32.696238910676456,3.995727146840909,86.22394363142848,False
2017-05-12,33.27947299945573,4.479511217546092,59.29262796730176,False
2017-05-13,34.72092480682518,6.415308736705073,58.52916660584404,False
2017-05-14,35.72984546765585,2.15170987078756,44.47097622496091,False
2017-05-15,33.288461977533686,1.7414862743541053,41.73864614087849,False
2017-05-16,31.436856057334616,4.18871573717074,87.1857020601764,False
2017-05-17,31.799416518880985,1.6800680105657788,82.0411510959294,False
2017-05-18,33.628652790746315,3.544050862126628,76.0707078755421,False
2017-05-19,34.30045347746124,4.899309822567632,67.82505645720452,False
2017-05-20,32.08410741743624,2.5495980696780154,71.7799762170356,False
2017-05-21,31.23180643645931,1.6896098937380977,86.04987425790114,False
2017-05-22,33.49770593535644,8.625847198708776,84.56193033975201,False
2017-05-23,30.995824528683983,6.927573202170629,43.43959877360632,False
2017-05-24,30.0031213560283,4.990490451388751,59.50723259189608,False
2017-05-25,29.941020444688533,2.5313322593326397,43.54431407542936,False
2017-05-26,32.3945874829795,0.5965635880687976,60.2497185742652,False
2017-05-27,32.857930081788425,7.032332993023355,47.55742841955934,False
2017-05-28,29.275204594818337,4.711242445007079,40.18896601702117,False
2017-05-29,27.677145597618537,5.433022592894472,86.83026621356477,False
2017-05-30,29.227605900922597,5.1295426070157015,63.15785200406184,False
2017-05-31,31.829994829331174,10.21840397820973,72.16408848260318,False
2017-06-01,24.76973795329236,8.301971219711985,81.48537293126677,False
2017-06-02,32.28437245910945,1.437204538563042,65.47264491640374,False
2017-06-03,28.130631790822356,1.5971411580853705,51.428132040816486,False
2017-06-04,28.98842522988742,3.306928120380248,46.5362088828694,False
2017-06-05,28.211750340790875,5.024995224599741,43.10733195371195,False
2017-06-06,28.51299649306843,6.953063438246642,45.76132539733108,False
2017-06-07,28.94529071416096,1.545426331436322,67.9950013576435,False
2017-06-08,27.30293431020917,5.096167438938856,89.48891869777636,False
2017-06-09,27.768949959981263,0.6808837491334527,56.87915790827506,False
2017-06-10,28.980691492046198,3.60647830598604,49.86329324546469,False
2017-06-11,26.66291924303074,2.627225226681714,44.51631327942159,False
2017-06-12,25.53412789538151,5.328118122624782,57.70945266973896,False
2017-06-13,27.11492700018288,5.840074889616966,52.91844576697972,False
2017-06-14,30.01931802820664,2.367392935426308,86.52836495754919,False
2017-06-15,26.93233918805228,3.8026529257540207,41.4514127103993,False
2017-06-16,27.39262100283714,3.8012892755073615,74.01699079046664,False
2017-06-17,26.475393855358703,11.5666895477399,69.20153212837624,False
2017-06-18,28.250356971483573,4.728309484050264,87.87065073661783,False
2017-06-19,23.64683716156756,2.826291966194759,67.65954585589022,False
2017-06-20,29.676677650436687,1.8562403864382195,43.46746816360521,False
2017-06-21,28.51083339817564,3.4931705909846555,89.98637485847064,False
2017-06-22,25.038003309291085,1.889150073770652,85.38178754580996,False
2017-06-23,26.15405924210261,1.4993973226996702,59.80667129957947,False
2017-06-24,25.94071343924401,2.519186947696179,70.01607873430362,False
2017-06-25,25.091179830076925,1.5901739256329126,60.05314357644329,False
2017-06-26,23.2684887201968,0.6099914504230926,61.27768348298312,False
2017-06-27,24.585368607552475,0.5076850951929399,62.99873181702085,False
2017-06-28,27.20912167264949,5.834231267892776,72.80987101286439,False
2017-06-29,24.667339949975727,4.878920338616752,41.104476351486106,False
2017-06-30,24.040368099272733,1.6394133360788794,89.6331341525995,False
2017-07-01,22.785837747837004,4.786253810988028,85.14670071784408,False
2017-07-02,23.92004580959756,3.100474250959639,72.61072143971964,False
2017-07-03,20.554591768668747,5.783588449356665,76.65926467181836,False
2017-07-04,23.45728085298312,5.313017176817673,57.86201791800607,False
2017-07-05,27.05064350143966,7.541671322030611,88.98247163216715,False
2017-07-06,26.63858681500737,6.437373761379747,44.6393505750726,False
2017-07-07,22.944443294485698,9.288391068897637,76.25701098186245,False
2017-07-08,21.74767066426889,4.373907571985953,53.79188502123624,False
2017-07-09,25.231892199126285,4.072831010041642,40.30211148765783,False
2017-07-10,24.274964760117,13.106643186049006,85.76427638551013,False
2017-07-11,23.307855874202488,4.725767424917721,44.86641897932423,False
2017-07-12,22.056157014628013,3.909700481918277,80.17557498432072,False
2017-07-13,23.606029006000007,6.474407711464004,78.41662986297823,False
2017-07-14,22.51237994245447,0.9356555067847588,89.44646521325639,False
2017-07-15,22.791803181726795,3.487465906083732,76.77946570170181,False
2017-07-16,23.335642082759083,3.03969856777684,83.25446747925297,False
2017-07-17,22.81981327656168,3.956825247561524,86.49005105725885,False
2017-07-18,25.012844787314705,1.3156245801473818,64.79542717834924,False
2017-07-19,24.143607173113026,5.860060095479964,56.96848893153367,False
2017-07-20,26.65677779640618,1.3153107220971063,50.15124816663459,False
2017-07-21,21.49820152213009,9.9780680183904,83.47102522826592,False
2017-07-22,21.322297195056013,4.642173483884503,63.98662519024945,False
2017-07-23,23.36464707385125,0.871746583936384,46.17476828488993,False
2017-07-24,23.229975366926748,6.901699449092518,80.25017964855357,False
2017-07-25,23.06319862728051,5.858726271230419,76.29366126988383,False
2017-07-26,20.156072241482672,3.234536203384259,43.2387898347596,False
2017-07-27,16.634791177717997,1.2207346931238023,58.667530175561765,False
2017-07-28,20.21487508548618,5.543340494718072,83.77575731028378,False
2017-07-29,21.396748262334714,13.521119572272456,47.51196536606256,False
2017-07-30,18.382522714693984,2.7744713144483963,83.53106158603885,False
2017-07-31,18.743025118144374,4.096750785494883,40.75032071777462,False
2017-08-01,19.764372205852023,8.16441682555945,87.59006237705063,False
2017-08-02,18.640187916642144,3.112970193753059,75.8493178013935,False
2017-08-03,20.047029538775547,3.67222589982484,67.64268236553454,False
2017-08-04,18.86099961878615,3.66413381572308,76.99322268944482,False
2017-08-05,15.309143220637347,2.065361818814203,47.98872391990668,False
2017-08-06,19.007237518566157,4.9648081539530144,61.98931851164839,False
2017-08-07,19.515584943693856,1.2122996170516525,78.37516339803454,False
2017-08-08,16.19107979596345,4.055631120346749,69.79525962221031,False
2017-08-09,17.961145747006334,0.9866321014074632,53.83292221995468,False
2017-08-10,19.467414867848007,10.000456855335823,68.67373656624544,False
2017-08-11,17.024028754942556,4.45957821443466,48.05652360328436,False
2017-08-12,19.50377028553824,8.72514788429774,60.99722939832069,False
2017-08-13,20.219591092576515,5.5038892170246445,61.77689423854578,False
2017-08-14,18.884297477578087,4.5393809515189245,83.39352258114202,False
2017-08-15,19.26480565005905,1.752632592847848,81.16192203823786,False
2017-08-16,17.839083215422033,4.514632488882254,87.58099324286374,False
2017-08-17,17.59441441261704,1.7481388993783675,49.5129946535743,False
2017-08-18,19.467272625034127,0.8338870248758651,81.73587968896908,False
2017-08-19,20.55236137676089,1.0757269634978404,48.50519728075395,False
2017-08-20,14.350434606736028,6.643707493358569,74.26267083944633,False
2017-08-21,18.759842973385084,4.6761911196796095,71.58245174748674,False
2017-08-22,18.149469116742456,5.307003463051173,74.88441317714462,False
2017-08-23,19.85298907984034,12.651098986349172,89.49802353349602,False
2017-08-24,15.552019814824854,3.403859382553051,51.51110535142789,False
2017-08-25,19.942485659810803,2.4192171225802417,43.47194475454852,False
2017-08-26,20.15913501966555,3.0162241003395773,47.58359092807652,False
2017-08-27,17.10688980552242,6.181351721003644,66.41397699211207,False
2017-08-28,18.75212197349993,4.788163877731981,68.02030714996658,False
2017-08-29,17.41229936712549,3.0994459131288488,62.36369377335629,False
2017-08-30,19.50132269688329,2.995105469082517,57.174115276762606,False
2017-08-31,17.070860372266406,0.4654195666927615,74.06690806758147,False
2017-09-01,16.155031172172546,2.288626622920813,41.89798207714477,False
2017-09-02,17.94129109025652,5.238850288194882,65.24894830290202,False
2017-09-03,18.687446603622284,4.356242310184316,50.89943787195969,False
2017-09-04,13.426925598389564,2.258927439176583,61.79699607878004,False
2017-09-05,14.916535552118749,5.680143289459143,89.90039941617091,False
2017-09-06,14.249882766957214,1.0078612273055807,42.75454830648015,False
2017-09-07,14.03124231435544,5.174836799665036,86.37094549322933,False
2017-09-08,20.733371686866747,0.8778521325821464,55.23759966486793,False
2017-09-09,15.778418349392442,6.089060082288786,53.13276849448188,False
2017-09-10,13.601291539342787,5.772476383108507,74.78391480264594,False
2017-09-11,15.833047521855798,0.5590319095991654,55.37852780868322,False
2017-09-12,15.956350549531242,1.012717245914862,63.3346736451235,False
2017-09-13,12.12446709747087,7.820840255907918,67.9639647954659,False
2017-09-14,13.496699446382028,3.8709096955741296,59.75140935367113,False
2017-09-15,17.381840543864953,4.318782173372408,71.46690157818848,False
2017-09-16,15.693351943527874,5.799350324888581,41.84403147292521,False
2017-09-17,15.99824405895565,4.067398667414556,54.59188330956305,False
2017-09-18,17.78556167920925,4.5566531950919575,49.66098258154582,False
2017-09-19,18.185494794396103,3.3847090614535102,44.56477922999371,False
2017-09-20,14.256186875176017,2.1000995225643315,64.4564626178368,False
2017-09-21,18.689335911538866,1.25567432564493,67.39055137180117,False
2017-09-22,16.10101256469014,0.7066774831936798,40.324757401408085,False
2017-09-23,19.02306134757828,3.491514743242552,85.34842970258441,False
2017-09-24,13.574391959407556,2.617572821895447,56.27621747870775,False
2017-09-25,14.284644729674795,1.7238373430151588,41.920938138788685,False
2017-09-26,15.118612696104549,4.679635144638807,41.79100110087494,False
2017-09-27,12.76702164335136,0.5432148052400225,73.97742891923784,False
2017-09-28,15.707507106937303,2.206245438069828,57.28206281472861,False
2017-09-29,15.19307271474618,8.059587553782375,78.0745297018236,False
2017-09-30,15.230310554116198,12.292578919141574,40.51292313522796,False
2017-10-01,15.943146403902777,1.3126988404054856,61.11612838973276,False
2017-10-02,14.53223696839614,1.895727647151132,46.56110360328134,False
2017-10-03,9.853050964014948,6.766803462480192,57.78103955988085,True
2017-10-04,9.786556366252904,2.913465433651207,54.79149470885179,True
2017-10-05,12.618493969891489,3.484357426045104,76.18496058982765,False
2017-10-06,13.2834919693846,0.9599445836957444,77.73967098369528,False
2017-10-07,16.014723636424,2.2590222258387085,49.78970974273631,False
2017-10-08,17.475016437052588,2.601707426318563,61.57666524764629,False
2017-10-09,10.781727520725738,8.211891261102215,86.62235056886473,False
2017-10-10,15.445650836179992,6.089555054981652,87.23045459526094,False
2017-10-11,18.262190389858503,2.6864911059584475,71.3437083135453,False
2017-10-12,12.716324170109056,8.056948314280236,44.16586382741336,False
2017-10-13,18.360398643575238,1.1528513417261936,47.17868979936839,False
2017-10-14,15.009544236219991,3.2830090336097237,47.65434541290047,False
2017-10-15,15.669688290576126,4.681357262587601,49.52843639761159,False
2017-10-16,16.661629644353702,3.107469341914328,86.08235418559664,False
2017-10-17,16.430400022392742,8.152260018137406,70.63547896768374,False
2017-10-18,16.357010857477466,1.647109533886262,43.12522342065093,False
2017-10-19,16.16122054333082,1.38280263541778,87.94120320629403,False
2017-10-20,15.865481666381363,4.553732289681187,73.64006767473509,False
2017-10-21,15.021951135916895,3.62037054680026,55.19013912991512,False
2017-10-22,14.529153968185168,3.902988587768701,44.74841350056809,False
2017-10-23,15.928619700416409,2.893280384278773,87.09316543436626,False
2017-10-24,17.882427947957225,2.538457429946286,89.89695077885061,False
2017-10-25,15.492155992698647,2.9691094711783133,65.37038550968046,False
2017-10-26,16.20301336189751,4.574052817920694,83.60754248271547,False
2017-10-27,19.687207142018742,1.7966569955524956,69.08906436977567,False
2017-10-28,18.64257676010716,1.664643419685746,64.63324042648176,False
2017-10-29,16.846318803252164,7.5092831328904515,81.4550862004026,False
2017-10-30,16.811496333419107,3.161952560528106,81.60730200227442,False
2017-10-31,15.08648689762657,3.343736939223664,51.32109494114087,False
2017-11-01,18.81112760133549,5.074108825925184,65.32899712443901,False
2017-11-02,21.44324401432978,6.23983190279084,50.97531416944217,False
2017-11-03,18.13486375920595,3.709301958495843,63.72793998402335,False
2017-11-04,17.1409251734605,4.799001445083515,71.16863559351694,False
2017-11-05,15.07471978396888,1.8542365521273605,60.63309621070246,False
2017-11-06,16.261184925559224,5.269748047557177,41.6070418991216,False
2017-11-07,19.48860503604624,1.0151401444071522,84.13082424264742,False
2017-11-08,18.69402400824613,8.259584955059577,88.76636629798517,False
2017-11-09,15.760959065739687,0.9654693493047772,88.3046871319437,False
2017-11-10,15.76621443497397,1.6326211684851304,86.28690790619876,False
2017-11-11,17.922115573872695,2.5355056962073137,69.16697939266245,False
2017-11-12,15.430026406919994,4.66854495948432,41.37920317868917,False
2017-11-13,14.917165748444624,4.615902583225332,62.32613770172742,False
2017-11-14,18.40385229388926,2.912457524032603,74.14514998543619,False
2017-11-15,15.905935413941467,2.17530545349244,74.06114813474923,False
2017-11-16,18.968381516440356,0.2724357278647499,75.13061567807559,False
2017-11-17,19.50088586528349,16.13818374617304,67.80341773671779,False
2017-11-18,17.297758697342672,6.4940695049815975,71.91273979061592,False
2017-11-19,21.77759384256983,4.778658475619631,73.96443981095163,False
2017-11-20,15.818344760225242,4.478051939768229,80.56247804531152,False
2017-11-21,18.54449128556682,3.228757474675125,57.75995842469459,False
2017-11-22,16.878364223214277,2.0101459898947374,49.53455010093635,False
2017-11-23,18.780733676891018,1.3024206278992243,43.6093741061936,False
2017-11-24,16.293411958931365,2.9054458441074176,60.53351794575456,False
2017-11-25,19.415865012678964,6.033924936785775,61.86986838925622,False
2017-11-26,18.039398842309264,1.8750407259470825,49.4539385832617,False
2017-11-27,21.51111823886857,1.782166284321725,49.883274562069545,False
2017-11-28,21.78612262909422,5.013515743367955,89.28652125503615,False
2017-11-29,19.03131430573823,4.741751639402271,60.59207285525518,False
2017-11-30,22.902089304077165,4.416359846237881,40.516859186909656,False
2017-12-01,19.404011267730205,1.801428816922942,55.19478309901165,False
2017-12-02,19.574560601960385,11.327482627635009,65.62705332634339,False
2017-12-03,18.12051164820644,7.585114091695976,60.47765707660094,False
2017-12-04,19.057441592980148,2.7095322692723376,77.75777710656985,False
2017-12-05,20.228315099417557,4.974581290329495,65.40782602151606,False
2017-12-06,18.485133363115185,0.906048606975854,82.13879784692793,False
2017-12-07,21.316432909889087,2.704819499851144,43.47834306299563,False
2017-12-08,25.153042889390115,7.317504975627943,84.2155427698107,False
2017-12-09,22.423445769681184,2.145549805653097,61.36344370760466,False
2017-12-10,21.651471252089344,6.050189742707486,68.47750842596228,False
2017-12-11,26.684734998506656,4.826982643876033,58.85697809880328,False
2017-12-12,23.405428754016494,6.107296174467353,76.75805910912999,False
2017-12-13,22.15762205266773,2.446015065524301,87.52711087528732,False
2017-12-14,15.979665661626946,4.872347295199479,79.52956304669637,False
2017-12-15,24.15442403214661,2.5150869370474385,75.44618461297199,False
2017-12-16,19.593660717655727,0.5308286803438815,57.41285018999873,False
2017-12-17,22.59623961886198,4.113741810711088,41.29843187740768,False
2017-12-18,23.23128885394344,1.6002203507317712,58.31271546828208,False
2017-12-19,27.13130310316194,0.8436673862870624,73.81830464533223,False
2017-12-20,24.383765432734,8.147836856505819,56.82276227057488,False
2017-12-21,25.61762555845372,9.24570913884013,84.23975775921545,False
2017-12-22,26.2482979037928,5.3157161829294095,84.98463853218932,False
2017-12-23,25.376922234601857,4.301184909853904,86.11046798158716,False
2017-12-24,21.872644365007307,1.5406148189457436,68.65081511970543,False
2017-12-25,25.18361335988344,5.5582913296569405,80.1433558112117,False
2017-12-26,22.162258013793757,0.4196435726709394,40.24709119413224,False
2017-12-27,21.79448613630186,5.653546126561278,74.71204936723758,False
2017-12-28,22.412374357567472,3.072534276809072,86.07613406672789,False
2017-12-29,28.385593250817227,2.435744800022026,67.45894483613012,False
2017-12-30,30.73236042886657,3.039851746583013,49.2263649526861,False
2017-12-31,24.805581733112035,4.846892584037148,66.6430015808424,False
2018-01-01,23.36352466892955,2.346821430687379,80.91696003395573,False
2018-01-02,24.768477262661968,4.768822624879511,46.54224347454897,False
2018-01-03,24.928139943354488,3.884813789825376,54.3568776212597,False
2018-01-04,22.66228713171036,2.680590039306009,59.10014026276602,False
2018-01-05,25.07526566827083,5.565975061048473,75.8250202364099,False
2018-01-06,24.160120899921893,4.224161942195639,48.46769667766876,False
2018-01-07,25.999757392785245,1.5509667855371787,61.57801443456226,False
2018-01-08,27.96047835614636,1.3975412843106636,68.96004848511015,False
2018-01-09,24.82405531754697,4.907428644844928,67.44038732072318,False
2018-01-10,29.55332630935397,2.4867660201064328,71.13628963495903,False
2018-01-11,28.077602780212334,3.4384597761039526,55.5929713660188,False
2018-01-12,24.92021847329287,6.5910401605502615,66.59474446871965,False
2018-01-13,26.28400699331963,3.7711217922460416,55.70885451989652,False
2018-01-14,29.568065345529277,4.917552229326531,70.0188842075613,False
2018-01-15,27.90042731337813,2.575521634035442,64.98062199154458,False
2018-01-16,24.251047064846432,4.474104131995803,81.52493844414423,False
2018-01-17,27.522580367167368,2.7838900117974896,89.02599166967265,False
2018-01-18,27.53119947744614,5.429183179897513,41.30310515184856,False
2018-01-19,30.017927808825128,6.386854764137804,78.12109609654294,False
2018-01-20,29.13956658475632,5.496480722965148,77.2098832034925,False
2018-01-21,29.83741315135484,4.207753390028238,48.49801241536955,False
2018-01-22,30.40471865832649,5.306731864945128,77.8388685929142,False
2018-01-23,30.7258247555656,3.752227754099129,53.25498107915888,False
2018-01-24,31.888388673396506,1.5797616504925274,81.52427827891371,False
2018-01-25,25.93218653826449,7.5593354129456705,45.11438216077651,False
2018-01-26,28.306252379154856,3.9329997999694073,54.99766223676774,False
2018-01-27,30.34163494058266,6.295972556645957,46.28013030434671,False
2018-01-28,28.4708488770603,1.011196861272598,41.61526792906852,False
2018-01-29,26.76772994371474,0.9063841531576692,54.37824750474822,False
2018-01-30,31.593756116706263,3.422373296861102,47.08821171417932,False
2018-01-31,29.566749404020047,0.6863651590473928,45.04299033952896,False
2018-02-01,33.33821042762478,2.274744207378336,86.54781622709615,False
2018-02-02,31.09152271554525,4.671929116877701,44.62879795872144,False
2018-02-03,30.168717742771644,3.538739782915412,63.71611180962593,False
2018-02-04,29.471558504660265,3.381640740293076,75.73066630384858,False
2018-02-05,32.953020840265374,2.1298693130015,84.17294932019912,False
2018-02-06,30.13762083005572,3.44402293892402,48.1560038408196,False
2018-02-07,32.37407713644552,6.519375294487329,73.12227210490042,False
2018-02-08,29.07897254881481,6.764084672992419,55.63408066744455,False
2018-02-09,30.275254626585088,2.661277507726904,57.93538113841691,False
2018-02-10,31.20874401320009,2.418476388024737,88.45137391788614,False
2018-02-11,34.71154703338963,4.708774509485093,65.64969461180551,False
2018-02-12,34.346360988961266,5.1090202444764685,42.54337742145586,False
2018-02-13,31.321932889779085,0.9812635125593564,48.89569928698318,False
2018-02-14,32.16296206257427,1.408471795288667,73.88619342152151,False
2018-02-15,32.92441646057048,2.6886301777718087,79.74679596933478,False
2018-02-16,33.68137643720732,4.1840865454818985,89.50430397535541,False
2018-02-17,31.69405291488013,1.775154052596891,75.48817662308969,False
2018-02-18,31.2242520254929,1.908577577298094,64.80517252192122,False
2018-02-19,32.688473198778325,14.363359904539063,89.38604973294906,False
2018-02-20,31.306088438882107,1.903909031379306,53.5798143481274,False
2018-02-21,34.0085691247931,2.143732813219976,59.65799389283963,False
2018-02-22,34.69398065369267,0.3186442872746485,77.8297089270673,False
2018-02-23,34.07204909752885,10.340804690862829,85.68968966712553,False
2018-02-24,34.91953539811635,1.7101439612362357,56.74859547235584,False
2018-02-25,31.262796187709263,6.422848770097432,46.93362418367424,False
2018-02-26,33.85108590745827,2.9305404299068667,63.61967149037801,False
2018-02-27,34.52355898059124,0.9188676729191596,87.30221785862253,False
2018-02-28,33.591998384756955,14.16809138554478,87.4321332486448,False
2018-03-01,34.31014315254093,1.3354079326444928,48.70575671513083,False
2018-03-02,33.7453357498218,2.175280492262324,62.08045040435648,False
2018-03-03,34.58022342121583,2.2571143451281905,74.55365262276375,False
2018-03-04,33.4112211880678,8.36077654259234,62.523913237859055,False
2018-03-05,35.377518839359794,8.43814547028923,75.59932512049409,False
2018-03-06,31.90654216694728,6.429711389616181,79.85441323312558,False
2018-03-07,32.62582954691236,3.904147396252444,65.28714795776509,False
2018-03-08,32.22915494433761,13.22079840018877,43.82651060924216,False
2018-03-09,35.51948851110862,3.568700646216877,52.60537290152099,False
2018-03-10,33.754689107993066,9.793979974844705,46.577138498497206,False
2018-03-11,32.640448375371,2.5588847185492125,48.04818820374436,False
2018-03-12,39.2547403706907,2.2270340073521613,52.26966452712855,False
2018-03-13,35.62220145546762,1.5038859667701592,75.1379404670369,False
2018-03-14,33.2133230220695,2.553862924824352,55.79966533889343,False
2018-03-15,35.8419431746578,6.507110355735913,61.25413903502445,False
2018-03-16,30.769624193801928,2.134570330808596,67.69341747761308,False
2018-03-17,36.302122022491965,5.70746578092344,51.992598761630624,False
2018-03-18,34.886724219418106,0.9668010620178752,76.31750576746978,False
2018-03-19,33.14820875816835,3.3329871332040395,79.49180430589485,False
2018-03-20,35.84945337253526,2.2716255047703267,61.77318785082765,False
2018-03-21,35.875618357177515,2.339913200293396,53.98769944534393,False
2018-03-22,34.67859199654372,1.5914178771014165,55.17009296449124,False
2018-03-23,30.45180317824564,1.545063151867132,88.6153646461402,False
2018-03-24,33.594583901754746,3.3654686004504697,76.94025514963596,False
2018-03-25,37.47042200864124,4.004327037205957,44.65342605279928,False
2018-03-26,32.32404071817792,11.449042649173895,78.73846917575204,False
2018-03-27,38.065696821018285,1.503795910439745,65.30243092875085,False
2018-03-28,37.29714951146773,2.7148887063204645,67.34671305328331,False
2018-03-29,33.547407515011145,0.6572000682699597,63.31317389965557,False
2018-03-30,31.601446885601614,2.4155975034348938,49.859863098509344,False
2018-03-31,33.468720636416165,2.24499036871105,75.85683051509693,False
2018-04-01,36.0801998136117,3.8050885003406822,59.354511807474665,False
2018-04-02,36.536620689127794,2.5111148005884285,58.4682567320891,False
2018-04-03,31.936054310155768,4.6206053598622985,46.33941508795912,False
2018-04-04,34.94412617140782,1.7960050431363892,68.38172887005346,False
2018-04-05,34.93388201242268,2.2259084699965705,82.62458428743173,False
2018-04-06,34.328851476168964,2.3086512016168466,69.94439540180149,False
2018-04-07,35.68968050099572,6.0753912941683685,59.15115120998938,False
2018-04-08,34.9131128348866,3.4159804549370496,83.37923222357446,False
2018-04-09,37.31957389223268,10.109439964139751,86.87756445096892,False
2018-04-10,34.357352209652845,3.838306805725391,75.77879845704648,False
2018-04-11,34.10284258405519,4.879026455208274,44.90574824027843,False
2018-04-12,36.88797648650248,2.4210724200907148,47.07077230320364,False
2018-04-13,33.09996010220532,2.8301991177896424,49.29508853139486,False
2018-04-14,33.70417207119125,10.115880245520552,43.36128214271584,False
2018-04-15,38.57334395891859,5.3119732191302,56.2830049865031,False
2018-04-16,35.52063958767536,2.6492881952160023,49.95888953178296,False
2018-04-17,32.948235506349185,0.1865633542741728,62.57599822434946,False
2018-04-18,31.459683111941548,1.5553230987388975,78.08766690978092,False
2018-04-19,33.7893606580126,2.8533896320682923,56.44996108486188,False
2018-04-20,35.62798347330248,2.7379437904184365,41.09658451366689,False
2018-04-21,36.17049331670501,2.466750123544887,74.85025218671043,False
2018-04-22,35.18326595017104,6.240712241942078,70.2001189239152,False
2018-04-23,37.54369798275481,1.6044326020152309,69.80406928762326,False
2018-04-24,33.010424868432665,5.6804021538596885,59.78728332965408,False
2018-04-25,33.900436810707234,4.861359788833604,76.8502376161013,False
2018-04-26,33.971032878078375,2.8540227665289457,83.4016019167818,False
2018-04-27,34.419725916860486,7.743967042960562,65.86671046524901,False
2018-04-28,35.299555906633,4.583597722845791,87.49006520861533,False
2018-04-29,35.13485383421377,3.996783825823645,69.16825272664562,False
2018-04-30,33.78673484603284,2.790411486246007,86.0103323206715,False
2018-05-01,38.403917549999406,3.8916625711541775,49.28348535201824,False
2018-05-02,30.96631020427363,7.7317748538416655,88.21762935395768,False
2018-05-03,32.12608040700511,3.2131611454373235,53.955261708817545,False
2018-05-04,32.48179997165566,7.178379748770917,62.3349755886813,False
2018-05-05,31.59772836204251,3.26418798890027,49.75622302341986,False
2018-05-06,34.493997475126854,4.081877089627527,52.9881711995869,False
2018-05-07,31.803387950199536,4.801291009781784,89.08879588335023,False
2018-05-08,33.9526340752751,1.998605892990885,69.94545580451853,False
2018-05-09,33.61512038442308,4.871412063382129,70.57195706333462,False
2018-05-10,35.06156667398462,1.1393715039709964,52.07077827197776,False
2018-05-11,30.23001638174044,1.8765650292395015,57.52889881183826,False
2018-05-12,32.787855866890524,4.676940564161813,79.27560863798018,False
2018-05-13,31.795066543639027,2.3561396997968087,79.08396318548213,False
2018-05-14,31.95574536552689,1.688764533726956,54.30853199181617,False
2018-05-15,33.637182705431606,2.0335290456454254,80.91341120430405,False
2018-05-16,29.110604141960973,2.245861226473322,70.12274152179515,False
2018-05-17,32.483838915342275,4.440422353646249,81.20979150512818,False
2018-05-18,34.482204450713574,6.368807028922136,83.8326894809939,False
2018-05-19,27.422020146178912,3.047115660985935,71.47441821652181,False
2018-05-20,29.775365950379843,1.958899308845301,57.7706048988502,False
2018-05-21,31.476620089348422,2.356713688992844,63.32856903076116,False
2018-05-22,30.447045485230856,3.466100791124753,89.8029991769527,False
2018-05-23,29.94114058970273,2.9938775166429386,56.71437351581649,False
2018-05-24,29.511915896235717,1.2009649255035508,56.7591911356726,False
2018-05-25,32.51557697903953,2.8833995362194345,83.19433681311435,False
2018-05-26,30.27857721214773,0.8814831293209379,53.131494640800895,False
2018-05-27,32.46493307807577,2.5006678783535925,87.97025631382776,False
2018-05-28,29.742334439624088,3.4891542304400933,82.96591746627936,False
2018-05-29,27.81164984015265,0.6391631205813642,78.84588263461391,False
2018-05-30,27.454555033648653,10.535565384403968,59.76977305595926,False
2018-05-31,31.540905069782983,1.780473911755158,44.76254640250093,False
2018-06-01,26.447179362028475,4.325912203292038,68.9965410549301,False
2018-06-02,31.554525180292384,2.929290794939252,70.35358532030452,False
2018-06-03,34.46862769978791,2.6539554694939147,54.56912876440134,False
2018-06-04,36.30809266428836,1.3063804493709494,68.50257558498751,False
2018-06-05,28.09773766860068,2.9381377545557217,86.15570579420412,False
2018-06-06,28.82707569346364,1.1019657534307332,54.63332077271333,False
2018-06-07,29.292096053754587,1.3034624233337018,52.508842256088016,False
2018-06-08,27.381441346772924,5.621701769874964,66.59535090060062,False
2018-06-09,28.295083744500857,1.8010198009137313,65.41275558269832,False
2018-06-10,26.000724049863717,3.253033243419229,85.80002179758507,False
2018-06-11,28.570367115422545,1.0184438905110629,56.79465146354045,False
2018-06-12,27.11539697745641,3.855587296301023,57.57467593911387,False
2018-06-13,23.40458134546409,4.514017340007385,52.04706819375788,False
2018-06-14,27.864584855063917,3.526549152686551,74.01550939829099,False
2018-06-15,28.017403152539384,3.2274874652727426,80.65246059059547,False
2018-06-16,25.800888994204456,3.262129373538832,65.37320317273107,False
2018-06-17,26.529246057548296,2.786800240670725,79.88424333077447,False
2018-06-18,26.246140709833664,4.30277658307841,70.80429500558465,False
2018-06-19,25.50688277506806,0.8298339652070282,43.74385497760965,False
2018-06-20,25.45407842999069,3.970390946197125,64.69678117588325,False
2018-06-21,27.75335759591945,2.263260778764345,44.99169409501404,False
2018-06-22,28.161890557142893,2.216147247025625,42.26416777094607,False
2018-06-23,26.232731540892978,8.377548571818629,48.37917251372579,False
2018-06-24,25.01364839799876,1.8306961309310223,77.82864542411073,False
2018-06-25,21.952181182317908,1.5798219973411551,62.20495010529165,False
2018-06-26,25.51061419576278,2.506656630893932,78.34811605409794,False
2018-06-27,28.650407669724235,0.8146336177136538,60.05511521971256,False
2018-06-28,26.086948713554204,3.2051610801472465,73.93552006495861,False
2018-06-29,25.506748193680888,2.1772751791170064,85.7771280604191,False
2018-06-30,24.800043923244598,4.70897987150607,53.705310186240055,False
2018-07-01,28.30530463704808,3.1256859062680604,57.08800144230591,False
2018-07-02,21.328311125249115,1.4681920148584224,70.52866677352179,False
2018-07-03,22.115048445460417,2.8967307224872134,76.14250721334825,False
2018-07-04,22.1974969033397,0.9893197443253008,71.57695296128907,False
2018-07-05,26.65794296413155,2.105617257660328,52.252583082886346,False
2018-07-06,26.363697022972705,1.4827808652928265,46.294682514417474,False
2018-07-07,23.68061571176636,1.277884109744743,59.801557790560224,False
2018-07-08,21.49993517000199,1.8970754711896585,74.19414786081884,False
2018-07-09,22.27266814325588,6.552705223544231,61.60987784169153,False
2018-07-10,22.381819277038687,3.590952431942892,62.30292862808982,False
2018-07-11,26.422628582669468,1.3200723866654644,47.96759647620428,False
2018-07-12,23.79432885272257,4.455421548639894,42.41154940825734,False
2018-07-13,26.07662668683036,1.6560541902436736,72.48270703559714,False
2018-07-14,23.53499501122883,5.468927581546507,61.11143210622592,False
2018-07-15,22.96230518404213,2.4465096390935104,62.13379060530126,False
2018-07-16,22.24621210028683,6.458534916429927,85.27944634998109,False
2018-07-17,22.80022564292212,5.93057376796447,63.21091550339083,False
2018-07-18,24.413436316439512,1.3482973995907497,53.839617934514976,False
2018-07-19,26.769514699547727,4.562953029723116,58.94638465300465,False
2018-07-20,21.896708393446524,2.2131983225501424,54.30376747204784,False
2018-07-21,17.715820837262637,5.078577695743717,84.40974469588897,False
2018-07-22,22.701153619961858,6.541432924521173,60.30880909804296,False
2018-07-23,22.566742982388885,2.362426315885421,73.35417178355762,False
2018-07-24,21.07454909521985,2.0717560217848603,70.50645094470985,False
2018-07-25,21.947468708824186,3.2669850130685885,66.3519635566035,False
2018-07-26,19.59064266266484,8.667666664808133,58.34119138291251,False
2018-07-27,20.03719898713993,1.1934850106709436,61.60783643086241,False
2018-07-28,22.028836178012103,8.738451869985324,75.01402704742091,False
2018-07-29,20.60829255806351,5.285785475432173,53.901852579036685,False
2018-07-30,20.215187704662817,3.164340724674916,40.653053896275765,False
2018-07-31,18.287463075261517,3.2797189647454807,40.08850360553054,False
2018-08-01,19.12849643127609,2.9594090527903245,86.21582714694412,False
2018-08-02,21.091539696108363,1.862470902466938,52.92336418617013,False
2018-08-03,19.498092601903476,2.712882390146909,71.92483999665038,False
2018-08-04,17.915497691653325,5.059803147351434,50.70376672194492,False
2018-08-05,16.996668826977682,7.896207060484652,45.19493344494612,False
2018-08-06,18.90048056602987,2.365729696649937,56.70932286332378,False
2018-08-07,16.50195954123779,5.761647790791754,70.8132588802349,False
2018-08-08,16.50754695151803,0.3473517592684608,83.57847443966904,False
2018-08-09,17.885811893759392,4.545192586841859,83.40000807552114,False
2018-08-10,18.65191882395821,4.427668773331608,44.799511046452935,False
2018-08-11,17.389545730311895,1.6347410791904906,61.16712695028166,False
2018-08-12,19.12250538959095,4.675913606280268,49.74531366254274,False
2018-08-13,20.541994492081542,1.0433362214615554,81.83354031237616,False
2018-08-14,21.48508895541902,3.954206421449553,76.38185485331402,False
2018-08-15,15.706655305548878,4.463379919325159,51.98689472862927,False
2018-08-16,19.680478807186955,5.45163849322329,61.11834120481451,False
2018-08-17,18.138715496816605,8.198253294533158,77.72333896014116,False
2018-08-18,17.58980711756518,2.586738453971025,68.13145954816123,False
2018-08-19,15.06050933904829,2.9821008073379667,54.004347166207296,False
2018-08-20,20.208280372365135,2.555653005950197,48.76662701491951,False
2018-08-21,16.769216536127562,4.505288813971768,46.97317531536595,False
2018-08-22,20.25721864139479,2.563341520134006,86.02782541495779,False
2018-08-23,13.731193025011262,6.7024282550931,61.02652174546813,False
2018-08-24,15.822804904685263,3.657241320266986,76.70726896536763,False
2018-08-25,14.353844634409146,2.349928613532465,62.0455675570642,False
2018-08-26,19.01451575497196,5.081408162303526,87.77392388540116,False
2018-08-27,13.208242410612948,2.501978993885105,87.11328670449952,False
2018-08-28,19.00951075489357,6.109650481274371,64.36424326046951,False
2018-08-29,16.764437754368156,4.635738249119121,65.77327609265981,False
2018-08-30,14.268313722068749,4.068976318160455,57.90701969896139,False
2018-08-31,15.893982891781596,4.782130100809316,56.70842997625888,False
2018-09-01,14.077287845032805,3.768463988401376,82.76618377878744,False
2018-09-02,15.873296576070889,2.595231629136184,50.66654698565273,False
2018-09-03,12.502735263118948,7.750580298481449,48.90516441109372,False
2018-09-04,14.40632234587511,1.994670654012824,46.85504025461888,False
2018-09-05,15.213573387874712,2.6036824459031456,74.13799589021406,False
2018-09-06,16.53365033749839,2.312901177162485,82.55235778864906,False
2018-09-07,17.359848372087377,0.252316715714114,65.50132801939277,False
2018-09-08,17.417372960896568,0.8988610202501287,71.99119234655929,False
2018-09-09,17.36441493218803,4.758604135881515,59.2618943562013,False
2018-09-10,16.554288766563687,2.230194977384089,64.21684009710013,False
2018-09-11,15.710948568983682,10.367880164102422,79.39274663385906,False
2018-09-12,18.44160931598888,2.714756929092068,84.71049130326698,False
2018-09-13,16.348368888477946,1.007794451849593,69.71791651431488,False
2018-09-14,13.1845672181048,5.086911354617828,71.54723762488483,False
2018-09-15,17.530936381392298,3.757418899036864,72.97267331611022,False
2018-09-16,13.314418285726347,13.004639216273132,75.87322473883602,False
2018-09-17,16.15299120551999,2.5779712852817966,55.50368259339072,False
2018-09-18,16.309855448603304,3.906900940616723,60.21495891418677,False
2018-09-19,15.242162374289371,0.7738963469366507,73.04236607597129,False
2018-09-20,13.468559811131872,2.370608393713421,47.56504150092375,False
2018-09-21,15.366910819421664,5.599022325708407,68.56546172998758,False
2018-09-22,11.977539964312548,5.382144979265662,73.09589270635195,False
2018-09-23,15.25452438282968,10.89833466757818,68.63463385673899,False
2018-09-24,17.396611378455116,3.271644659418434,89.38858136728041,False
2018-09-25,13.994334855778638,2.967987538760525,60.440939486620096,False
2018-09-26,17.636334748684423,2.7206444453845706,40.30584802104125,False
2018-09-27,15.956373720729513,1.7819086211301038,41.70996011511354,False
2018-09-28,15.306004622820472,9.063191610595387,56.893368642685374,False
2018-09-29,10.936608339867805,1.3743797974209762,67.10028800758212,False
2018-09-30,15.605179190937925,1.631704135037361,78.61040884330811,False
2018-10-01,11.95453308194746,3.247217033040732,40.6699840317745,False
2018-10-02,12.245426211751006,2.831672751656646,50.546196575471456,False
2018-10-03,14.761487712875786,0.3496591579704178,48.1640278489407,False
2018-10-04,15.424426204609174,2.052849761488022,59.08426002697461,False
2018-10-05,15.169983076610825,2.0815142402260536,76.0327129957787,False
2018-10-06,11.245442870715255,0.8376983906791521,59.16253436358796,False
2018-10-07,15.160717445819133,3.467063446117957,75.53829214800504,False
2018-10-08,14.958022063545778,2.6053096048723057,82.11762819478984,False
2018-10-09,15.29226091658814,5.7454075025513935,73.27820098964602,False
2018-10-10,16.044179751978223,1.3924300493323505,80.33965360742675,False
2018-10-11,16.631277172817082,2.2226012755663827,69.54779269939432,False
2018-10-12,17.253768878526884,6.846438113683033,86.37179158191611,False
2018-10-13,16.263305704483788,1.9819782741868448,55.22157639318471,False
2018-10-14,14.46925754877888,1.087189095452485,49.70468781279232,False
2018-10-15,16.138452862675617,3.576251046220355,77.6579069335375,False
2018-10-16,11.444089709533214,3.958293725316598,65.64536533653666,False
2018-10-17,15.615519968167431,3.793395204111105,80.7629777226102,False
2018-10-18,15.708851287665146,4.064676136439619,74.65271400832594,False
2018-10-19,17.112545644834768,2.753490083331796,51.47179161373642,False
2018-10-20,12.205501607958126,3.122864156400159,45.19166062306061,False
2018-10-21,19.04633565334188,7.704256378185539,71.29427458389868,False
2018-10-22,14.645914834234528,2.684997742384989,61.19869440088189,False
2018-10-23,15.412731462956296,3.636348641899736,80.9195113788776,False
2018-10-24,14.99776148000437,3.3250623396267818,86.02045146648001,False
2018-10-25,16.45251713661294,1.4981593379697054,43.74288714128305,False
2018-10-26,19.272226979251187,1.9318221017965296,45.87195079627474,False
2018-10-27,17.124885551757586,2.4565523214097005,67.06432950753853,False
2018-10-28,16.065722903530588,7.178707922669947,77.46388191605115,False
2018-10-29,17.382210796424545,1.0684669062099197,53.65422824695646,False
2018-10-30,16.026112424768336,5.285078255166105,66.76041456572732,False
2018-10-31,16.91911616301566,3.2951692038217235,82.2292622374315,False
2018-11-01,16.782717425278488,0.8847412395692613,81.54212251475613,False
2018-11-02,16.675631946865696,1.5532832062415085,56.64228411030906,False
2018-11-03,17.651355153738503,2.236452465419645,80.88183955968226,False
2018-11-04,21.22914082263131,2.6312175830154256,59.47247278645146,False
2018-11-05,15.32857534696698,1.2489879564688415,68.11224818373759,False
2018-11-06,17.450793384002434,0.8523894272755649,72.10616007116725,False
2018-11-07,20.856466364088654,3.319120701039646,78.6011912140952,False
2018-11-08,15.053596020552035,1.355702010180777,79.81471182365321,False
2018-11-09,18.887654947052237,2.709244886802468,73.17839830343135,False
2018-11-10,17.257577350281395,6.401539816989808,66.5279957449599,False
2018-11-11,16.7408419837029,4.740293898505273,73.21435026818628,False
2018-11-12,13.775529690015627,2.000542411957537,65.00808151206061,False
2018-11-13,19.7212803569127,4.390512047307606,42.39730322482408,False
2018-11-14,17.476863525751625,1.9399722230071024,54.731392456254426,False
2018-11-15,19.960651681471425,6.190471044188713,70.97104077478105,False
2018-11-16,19.37246090890849,5.966964193138835,69.14021344327003,False
2018-11-17,17.635328128946878,7.364977171738828,44.2370432952368,False
2018-11-18,15.453489119208122,1.8257623954636133,60.041057336857065,False
2018-11-19,17.871726378103325,4.663477091290578,83.83612817534168,False
2018-11-20,20.981919388726443,5.831955778362178,48.6081329637814,False
2018-11-21,18.52898983355005,0.9704340313697336,60.34302721865975,False
2018-11-22,18.834021526728275,8.90221215499043,41.733528724301706,False
2018-11-23,18.43607521668709,3.981097158447767,64.78370932587467,False
2018-11-24,22.61883433268184,2.393659201054056,86.62429775130292,False
2018-11-25,21.61570760506314,1.0773808119013002,82.9517797017953,False
2018-11-26,19.5657109907479,5.937500051517521,77.24331242216533,False
2018-11-27,19.53259316356513,6.372375646382523,86.78519679095147,False
2018-11-28,20.93209526817998,1.4655026600043095,56.305714729154914,False
2018-11-29,18.963898874965523,3.2572507719667096,50.51307903415857,False
2018-11-30,19.297026995885187,4.241807259403462,84.07166773185733,False
2018-12-01,19.359630221787068,4.05309756808279,56.19730446810424,False
2018-12-02,19.14191907012157,1.2268909084373716,62.05452470675712,False
2018-12-03,18.74726621366617,0.8364654621465966,45.35610126451707,False
2018-12-04,23.64171899067113,1.101786931551416,44.2928233309641,False
2018-12-05,16.90817716448156,0.990417189789699,45.677615886176746,False
2018-12-06,23.53396239837308,5.404057740482022,82.61683800389125,False
2018-12-07,19.03997083793053,3.811245790714426,59.854141533475776,False
2018-12-08,22.16884933648677,2.056247927247315,71.92704797514477,False
2018-12-09,24.74535145848681,8.831800173553532,49.2444709734993,False
2018-12-10,23.49017639306777,6.363032280179882,81.45596648734842,False
2018-12-11,21.40235289005456,2.6125981780317917,83.23285722302258,False
2018-12-12,23.73650875837715,0.4861230532160758,50.830986890964624,False
2018-12-13,20.508936700740275,8.184448902099131,86.85185582639889,False
2018-12-14,20.941548190305816,13.1262552959814,63.06899053617113,False
2018-12-15,21.03520641342573,0.7296313834764112,42.96029452748645,False
2018-12-16,21.74030102663471,1.133730269947587,75.2658934480169,False
2018-12-17,25.03430221520836,3.4810329829960724,44.36389132020504,False
2018-12-18,22.52624591019607,3.260947702623393,85.68737125111863,False
2018-12-19,24.12308827162045,8.630849833522184,42.26141406461645,False
2018-12-20,20.8601438510952,5.309596090769197,52.00246918699981,False
2018-12-21,23.86404369207901,7.212444929116765,62.92882915576676,False
2018-12-22,20.90031403481494,3.4349580604835173,83.86485213014296,False
2018-12-23,24.386794515006027,1.5024017452868847,44.76656640830844,False
2018-12-24,25.48687603185401,9.882777055667663,50.86573649864415,False
2018-12-25,18.57911331675821,2.645008826461281,78.13280661540733,False
2018-12-26,23.9306986377805,3.399958736480865,44.28430280215301,False
2018-12-27,25.1400644759824,3.807874137841473,63.34233901955098,False
2018-12-28,24.620890505615357,8.275828287590357,46.104841469177,False
2018-12-29,24.02661965852165,1.869503153239388,40.641636681532,False
2018-12-30,24.600455531614266,3.1152414482485664,45.43178299041645,False
2018-12-31,23.38518722992329,2.6038565352072838,79.48895870321627,False
2019-01-01,21.769692318450144,1.3768764230361672,77.15479983323198,False
2019-01-02,21.11659230056848,14.789465302067004,63.48219445753904,False
2019-01-03,26.87681999896236,9.792401525510622,42.260661571638735,False
2019-01-04,21.437418112789004,1.807373560631157,47.99431426106607,False
2019-01-05,25.31280295215454,2.38882628297133,49.40159112538766,False
2019-01-06,23.31136441743972,17.617744144206814,70.25633201856687,False
2019-01-07,25.697089190057632,2.1100801728935155,74.42319981164141,False
2019-01-08,26.27432875571742,5.764098137190434,61.81276986183094,False
2019-01-09,28.359470457462287,4.7876476214309385,44.235995205016245,False
2019-01-10,26.33117687337212,5.28767987546867,59.27106530616767,False
2019-01-11,25.73071128184544,4.211886910389165,53.34037835070843,False
2019-01-12,29.23736422601973,7.755085112509117,50.68490410479679,False
2019-01-13,27.26000926447879,5.04882452586073,51.17846876615901,False
2019-01-14,28.033992094897677,6.564640791516952,62.8675826860614,False
2019-01-15,27.16667837296789,3.431090012718404,89.10754630139255,False
2019-01-16,28.87495018241245,6.087362688787618,68.28708614527885,False
2019-01-17,28.266198570013835,2.3241906379551254,42.89689554594641,False
2019-01-18,28.499808494228063,2.0143386734527056,44.464213229730674,False
2019-01-19,29.58957723748804,4.582251662263979,53.29673521153978,False
2019-01-20,29.60854027896993,4.365960561689838,78.17516427640768,False
2019-01-21,26.21684070198068,0.5012424183750613,44.98179755622481,False
2019-01-22,29.686126866195444,1.1211056650975382,49.49365243893164,False
2019-01-23,25.94048982840458,0.6798728716766479,68.26331709386503,False
2019-01-24,25.78399784114759,1.0933478957599534,53.12231178014477,False
2019-01-25,29.435055245586383,6.241303616721464,86.3486655414819,False
2019-01-26,26.56335231746157,1.7648343427394937,85.75351444244664,False
2019-01-27,28.276595217534418,5.15806295433299,76.75408607496607,False
2019-01-28,28.781018023171512,8.091405679639937,63.34894073909423,False
2019-01-29,31.36558842470289,2.609177221892786,67.10338751069668,False
2019-01-30,29.66966940401891,16.24714583074574,40.69154251542912,False
2019-01-31,27.762002152571828,4.462941713091432,57.31721423945815,False
2019-02-01,31.19441775574243,3.988162710013969,87.93278456449923,False
2019-02-02,27.53908557267731,3.716927491777719,74.43718426693106,False
2019-02-03,32.97919653385335,0.7121700824553625,48.5929487845957,False
2019-02-04,33.55564378920336,1.6468643448557776,85.7621215719681,False
2019-02-05,31.31382541457897,0.6007638267888101,84.81456336731611,False
2019-02-06,33.94136310074612,18.71633166073165,69.3636269585068,False
2019-02-07,28.228396075073597,1.138005678856547,81.83423860895363,False
2019-02-08,29.82960855456582,4.28734653772234,53.33023800758447,False
2019-02-09,29.968795526215736,7.300266182975794,86.53853997648486,False
2019-02-10,34.00343649610939,5.346347128995314,64.52479910696118,False
2019-02-11,30.229037124212823,1.804976448201001,50.89600326058109,False
2019-02-12,33.67165389608439,1.3380354360260305,49.78935738977218,False
2019-02-13,32.278915839254545,4.396310164919019,74.37479785723437,False
2019-02-14,33.56444996750699,6.288545238116173,73.98736576674773,False
2019-02-15,30.4976063345054,0.8507340363168864,52.01380586361186,False
2019-02-16,32.17691767530198,4.519313684353884,65.81868958499683,False
2019-02-17,28.745436727967515,3.5719019772085354,71.41136225524544,False
2019-02-18,35.51152545236245,3.262710269404993,87.09130776827541,False
2019-02-19,33.891849691883145,6.728725828897503,84.31850419764791,False
2019-02-20,30.05741929914479,1.7884496103073837,81.9516492855854,False
2019-02-21,35.360614982878374,2.133008965231222,48.47161568795941,False
2019-02-22,30.92088107521231,5.209153179515542,70.29991560113761,False
2019-02-23,29.60541242271538,4.095823110158338,60.04951630159795,False
2019-02-24,33.40110262023858,6.011988676241967,48.78345187491573,False
2019-02-25,33.27672670005425,2.330208110095525,75.08655408333533,False
2019-02-26,30.856260533702176,3.798920520115607,57.61907384620741,False
2019-02-27,35.935021641414515,2.241767051478086,56.06810953884423,False
2019-02-28,32.18958619246386,3.3596244691568176,65.5601300538666,False
2019-03-01,31.65131458589708,3.484611091198272,80.97693327129579,False
2019-03-02,34.49196791342245,3.249140076937946,64.2485513731178,False
2019-03-03,35.246135272012566,3.736612364652841,51.77132943837876,False
2019-03-04,33.57732561923249,7.068586186769528,84.12489222640143,False
2019-03-05,34.12703032011228,2.988618972092359,53.62906049448168,False
2019-03-06,35.57005772329434,3.020853341192687,41.17319443972245,False
2019-03-07,35.23863855107582,2.821910976771317,77.77088389146772,False
2019-03-08,33.96528465093898,7.477523107265394,47.48333068309501,False
2019-03-09,36.962253055772166,9.420844603697551,81.38981062852399,False
2019-03-10,32.53822985941099,4.036222385092084,79.1790952064266,False
2019-03-11,33.493462476851604,1.5222484778340557,45.02631896034496,False
2019-03-12,36.71549111033153,7.750609183769727,49.03937041582327,False
2019-03-13,35.695701834608265,1.4100993438987224,58.91198000007928,False
2019-03-14,35.98540792360576,6.350777099594084,53.44494690558681,False
2019-03-15,36.46691117659956,4.408917918680782,89.01327755822865,False
2019-03-16,31.60854291486257,5.836518358504542,85.74692748695134,False
2019-03-17,34.09517963359729,2.540064751719028,63.71298271697927,False
2019-03-18,35.356252293976794,3.0199050652338184,56.89505658392497,False
2019-03-19,36.86114163820481,6.055475660290407,87.75410559842987,False
2019-03-20,34.654489202244264,2.316635504076949,56.64378542254661,False
2019-03-21,30.18115338279169,5.02158488169814,83.03988345078616,False
2019-03-22,37.46944821860448,0.1454137462349697,61.450440456216455,False
2019-03-23,36.9320808696332,2.379928909421658,41.576304084598505,False
2019-03-24,36.59725901413809,3.15386723170959,65.51857000711641,False
2019-03-25,33.6534744605689,3.166074888402006,62.775710273561096,False
2019-03-26,34.91681935695578,2.4711849586740686,42.71874491064316,False
2019-03-27,33.99847045369609,2.106868775936008,81.08973559029218,False
2019-03-28,34.07778991473606,3.6183805820673296,53.90585540639864,False
2019-03-29,33.16187397772371,5.2947467458801,88.4513943266372,False
2019-03-30,35.260186855948426,4.479798050505778,43.72758281633991,False
2019-03-31,34.26719056426144,3.284660780363444,49.90538600812573,False
2019-04-01,32.7712803890421,3.5862233833952306,43.39170828517361,False
2019-04-02,35.557406151247015,0.2213789171744644,42.03186965497414,False
2019-04-03,36.913764328035406,0.7437185910505,82.56043019910186,False
2019-04-04,33.0665167074669,2.485891782331465,49.20241586262141,False
2019-04-05,35.590930721901564,3.814464265059653,58.18936291483443,False
2019-04-06,37.66464357915972,5.96970343332042,44.5000684516402,False
2019-04-07,38.07595123056552,1.380473545007607,40.72591879803922,False
2019-04-08,35.64752533540466,2.2763121698118844,81.3088390567795,False
2019-04-09,36.28861007276621,2.4194773554443807,88.39541967303379,False
2019-04-10,38.620175131512376,0.6989991807615235,59.76663985095346,False
2019-04-11,34.71325707504907,1.9759246201897107,71.21260398951257,False
2019-04-12,36.7197026812112,4.590720434646197,45.57829668316708,False
2019-04-13,34.118385797759494,2.582397673226072,49.83978320737292,False
2019-04-14,38.939499460267086,3.630152293249728,87.40886589330836,False
2019-04-15,39.33744470618499,2.858411968552477,46.23787680494871,False
2019-04-16,32.52046798689821,1.292678865745072,48.33061340801032,False
2019-04-17,37.412951328120336,2.856603210372565,52.41934853297116,False
2019-04-18,39.65690092381764,3.075338345483466,85.94648675034239,False
2019-04-19,33.26976183380855,12.28953534690738,66.29875659630449,False
2019-04-20,34.766854448582464,1.8450962784482936,57.62470832704408,False
2019-04-21,34.74991422880689,4.756959665135843,43.48581396669368,False
2019-04-22,34.06130007071204,6.777179251639677,54.92441561237968,False
2019-04-23,32.783848496680804,4.581744343231103,62.04997468189349,False
2019-04-24,33.78642889562391,7.724787753821478,74.21351290546,False
2019-04-25,30.9913986214594,0.6711527020493763,65.97909727847387,False
2019-04-26,37.372714363806985,1.714783292262618,85.26209514754729,False
2019-04-27,32.96360520511316,4.048033001848375,75.66123000013408,False
2019-04-28,33.714356126548026,6.781932229148328,57.964362701091424,False
2019-04-29,34.8018613491864,1.44761555018006,78.48281972281228,False
2019-04-30,34.1273095903864,1.6424107926001446,64.2877626281379,False
2019-05-01,33.25517020060358,14.316109645270394,61.939810821643015,False
2019-05-02,36.34212200279638,0.8434143160796996,49.17684831852152,False
2019-05-03,34.25056417603478,6.672249021671645,40.07338658446426,False
2019-05-04,34.97483408911087,7.321483260454905,84.95288011367968,False
2019-05-05,31.59681152576216,1.7190202720524732,65.24563259323736,False
2019-05-06,34.62781905943625,5.245363989419491,85.28151268278418,False
2019-05-07,36.52338361561967,3.3119048286760737,77.07017252991386,False
2019-05-08,30.396731710741413,1.3447405065450897,76.93343234143506,False
2019-05-09,31.83090217823861,2.7300255286763906,69.38913266981825,False
2019-05-10,34.01609505256882,4.196721271630149,41.98324323234711,False
2019-05-11,30.581052510661948,2.9193208502017294,60.45159716790096,False
2019-05-12,32.88403866403576,1.0755150275760903,87.7435666903993,False
2019-05-13,32.93298501355093,2.96540592325405,89.14661122088816,False
2019-05-14,33.95751927319427,3.014346196485409,78.3864201535468,False
2019-05-15,31.95675209156723,5.181740624013248,51.831335928313294,False
2019-05-16,30.765332510689664,3.4089477557614742,52.53717317005956,False
2019-05-17,32.03717413412997,4.516078567570824,64.1029189607747,False
2019-05-18,32.69412995696726,5.372893575585899,50.29710519442206,False
2019-05-19,32.49017703020973,4.128272474996142,88.40006967745848,False
2019-05-20,31.80329352606187,3.822652761243161,84.96775668077171,False
2019-05-21,29.50616721324099,11.322793374130718,73.90549087491985,False
2019-05-22,30.946394084081355,0.3793819909444804,58.02730330495689,False
2019-05-23,29.841080537168278,4.2209695805219125,72.21680485289042,False
2019-05-24,32.28768158325489,7.766041959688578,71.56638094886317,False
2019-05-25,32.05082993245538,5.4549817953879165,43.53890218697936,False
2019-05-26,30.75105877577604,1.1176003503324092,74.76221306736696,False
2019-05-27,32.13406980840341,3.2253909005108023,45.64838184487452,False
2019-05-28,33.60972648436997,3.2400435186990637,43.6485664052612,False
2019-05-29,31.609873575878755,2.4041384017141203,47.55889304284533,False
2019-05-30,31.773673696908027,2.659225821098898,55.097214451585785,False
2019-05-31,32.00455222094798,3.925695317650212,79.92649823579647,False
2019-06-01,31.67647859918113,6.534841539770753,69.81878021957371,False
2019-06-02,30.617170547265577,5.078108512242442,74.123403810482,False
2019-06-03,25.76776898358156,3.992180826613646,62.23541921395967,False
2019-06-04,28.44363410374977,5.814104287000196,74.74498928809984,False
2019-06-05,29.25481305380013,2.6729382653230065,50.89924425870986,False
2019-06-06,28.408126160485764,9.633352406019885,65.16207892939302,False
2019-06-07,26.835619477719877,2.168558252239265,52.92592682702416,False
2019-06-08,30.166824071818464,6.744148652713236,50.43802255267563,False
2019-06-09,29.956376373745737,2.2835604791265123,43.1274870011485,False
2019-06-10,24.65726518485504,1.4495684834132851,75.21628375751706,False
2019-06-11,29.39637121249159,1.8924219543462104,57.40573840572336,False
2019-06-12,30.069368929381472,3.91954429306268,84.59667576677248,False
2019-06-13,27.60325849303161,3.036340282948647,44.33329933888533,False
2019-06-14,26.92500777424357,12.338156475952848,85.9239192641449,False
2019-06-15,30.32920958078368,3.837329708484175,40.059775167363895,False
2019-06-16,26.90957627446012,4.462575540372471,81.70102221906785,False
2019-06-17,24.732417489363343,6.049537878650157,49.219300147639416,False
2019-06-18,28.970237865059,3.630455116557092,41.71710536020328,False
2019-06-19,26.78300468493729,2.066546312576696,63.983422326182975,False
2019-06-20,28.92609777306089,3.1512871621576863,54.79237158059565,False
2019-06-21,24.37804763137745,0.8898951337207908,80.22323959611563,False
2019-06-22,26.048905932704645,1.707229442008536,76.9413120220575,False
2019-06-23,26.82466529882163,2.3098114154866125,63.43975251784653,False
2019-06-24,25.77580495338999,6.887114765817425,45.20443779952025,False
2019-06-25,24.56370694445375,6.678977389556966,78.77198335386663,False
2019-06-26,28.65976730373815,0.8478456539383125,44.62222217394706,False
2019-06-27,23.9701771335226,4.433441998575519,59.93044786026857,False
2019-06-28,24.8460677953578,5.675319464994281,70.40948994051065,False
2019-06-29,24.133879052068405,1.4499333322848096,79.98254633380547,False
2019-06-30,23.234827259836315,2.972458090293684,78.81404153262451,False
2019-07-01,26.984322998694545,5.677166714856389,63.68038166875982,False
2019-07-02,25.195279824748116,5.529101107764619,77.31621553863064,False
2019-07-03,27.70623613261949,1.143988046009826,61.91232567148888,False
2019-07-04,25.532107466455184,4.20813437157393,46.66637940656884,False
2019-07-05,27.56069265999598,8.27729572299292,83.02540933457988,False
2019-07-06,23.17678719482988,1.4866753041013805,64.20197475265485,False
2019-07-07,25.69472092981158,4.864797938007133,54.00284206597488,False
2019-07-08,22.18107786560528,5.840137309715235,49.00207677921986,False
2019-07-09,26.493813171535518,0.8068067086776495,47.913556536086304,False
2019-07-10,23.571834626552445,5.855262625783943,75.3652971372533,False
2019-07-11,21.130117877433957,9.87682695681955,79.33302753132133,False
2019-07-12,25.10656754186207,8.545485355309657,68.56234230579298,False
2019-07-13,22.20514301768712,1.1341955001224102,80.4253527237729,False
2019-07-14,26.98876513108646,3.596041136829995,62.67338837965397,False
2019-07-15,23.45014124620721,9.38728725322152,87.3246588018149,False
2019-07-16,24.021112546278363,0.8147054946981852,83.19831369822904,False
2019-07-17,21.172079623768987,5.282928988739623,43.27572843582234,False
2019-07-18,21.777098233357243,3.670810411006364,69.8960036030561,False
2019-07-19,22.188112622480546,8.757466337088879,71.09908756454297,False
2019-07-20,23.90031752652928,1.4553583817691869,52.9641477848546,False
2019-07-21,22.413890258708168,8.232071569313051,49.659456553913245,False
2019-07-22,21.430157026896847,6.341639507260122,89.38031729559992,False
2019-07-23,22.788343778896994,1.8284745036504264,42.82614403703336,False
2019-07-24,18.43161704620468,1.3823099580222973,79.65688332183672,False
2019-07-25,21.817448911201065,2.9413388897375947,66.01537326174184,False
2019-07-26,20.192820050031496,4.374967050010683,85.08892818813922,False
2019-07-27,23.619297961653945,0.6272747266722077,72.70449858703313,False
2019-07-28,20.363038701407824,3.162864827580567,64.76511265432514,False
2019-07-29,21.36782123658186,2.821597347262121,76.29499632441025,False
2019-07-30,20.727014356288816,3.0269783525330904,69.78292533519576,False
2019-07-31,24.2098287236855,3.849107275523299,74.83376058814463,False
2019-08-01,23.880178375836792,1.1958669184965214,63.89875636586193,False
2019-08-02,19.0736870966976,7.476156535751715,73.2293147639723,False
2019-08-03,18.754229929908902,5.3197765060304905,40.16222475508405,False
2019-08-04,20.75535626485383,0.4272523980895726,59.20951275320752,False
2019-08-05,18.073726269235,4.762659977395302,58.75045843637257,False
2019-08-06,17.901264639966712,2.334922828004113,67.42295171627237,False
2019-08-07,19.81581849055574,0.9083322322417472,49.0045840092921,False
2019-08-08,16.84595794415741,8.58904997312431,73.19125057429432,False
2019-08-09,16.1849222376481,4.742835250077589,71.71427920659167,False
2019-08-10,18.560784636128744,3.026146696763273,86.44102799639839,False
2019-08-11,16.590067131858817,2.8789119679857835,83.06938378127596,False
2019-08-12,19.711230444486198,4.43679131383868,59.8487651600239,False
2019-08-13,20.97565958092552,7.38196024162687,75.87767329680862,False
2019-08-14,21.516483856922317,0.815708409337298,66.20268192647323,False
2019-08-15,18.65810969427721,3.621921070220804,40.63076644652805,False
2019-08-16,13.352225931450164,5.234732690082,86.81916518938937,False
2019-08-17,18.913145587534935,2.206997748190414,82.25928985152328,False
2019-08-18,16.84820050719379,3.629070295958472,87.28431003527929,False
2019-08-19,19.248736613238503,1.6646914264371078,83.7132462168785,False
2019-08-20,15.649084161647473,1.4409327402548713,57.14032770916161,False
2019-08-21,19.141031912764884,1.240501051221233,86.02188691999143,False
2019-08-22,16.239018920735198,0.7719539762131308,88.24037665805793,False
2019-08-23,17.84311037729035,2.2582116954465703,57.11760336504395,False
2019-08-24,20.30998066300513,1.0598684842223471,42.68439379430543,False
2019-08-25,18.21438623311415,8.713952726232842,59.11658133586144,False
2019-08-26,14.362685332010818,4.997938735588612,79.62432423505265,False
2019-08-27,13.812493767536946,2.8107197374144905,64.5739186805231,False
2019-08-28,16.07543618246522,2.391729447559456,41.79266589053894,False
2019-08-29,15.061683498806405,5.502855276723999,44.89383219894907,False
2019-08-30,15.522845321722867,6.580020603151664,73.46743492011606,False
2019-08-31,16.853761263052665,5.018319841340397,61.92195749553853,False
2019-09-01,14.008323524820003,13.72001754574295,70.78254863918016,False
2019-09-02,15.935018230700347,1.7009157347290098,66.13799669850584,False
2019-09-03,12.851197925668568,1.2696449798341711,77.17055713274479,False
2019-09-04,14.429544149788118,1.6333626445783376,40.209580329999376,False
2019-09-05,16.367580607989062,3.098574280594617,89.23852276514465,False
2019-09-06,15.646707017940107,3.807389960829745,84.98018035550592,False
2019-09-07,16.60691930132933,1.5877191516825837,44.062354919058,False
2019-09-08,17.0745326204499,4.145626787592052,52.1028635271348,False
2019-09-09,16.483256827280528,5.668532835493648,76.64639549419044,False
2019-09-10,17.842206575876418,5.664084220437328,61.33870784114175,False
2019-09-11,16.971106280909105,1.8697271171719771,89.45923651419707,False
2019-09-12,15.275267992259783,1.432380521377222,47.76271840188749,False
2019-09-13,14.685440072760684,3.8771448775554527,54.991866354403896,False
2019-09-14,18.807749442295044,3.4139362470458763,68.75947243374192,False
2019-09-15,10.93465347858179,3.6878465001992073,72.20071202335528,False
2019-09-16,14.404557353530429,8.6257841952662,59.165366211733726,False
2019-09-17,18.81376843123113,2.554566638990683,58.5721416572244,False
2019-09-18,14.288197047083852,5.391880621523976,68.33154201156059,False
2019-09-19,11.769709607070896,8.997467445434102,57.27986060175044,False
2019-09-20,10.412708869940404,3.432728569540364,87.44682195917994,True
2019-09-21,14.074101633750333,1.5572036483800091,60.64582368525145,False
2019-09-22,19.578613296621025,2.4942275766695894,75.36309408908502,False
2019-09-23,16.493465176297192,2.072244188591715,54.66601959705086,False
2019-09-24,16.350794050119987,11.465439135419334,72.73398330026866,False
2019-09-25,14.77268288998028,5.46075093600379,42.171177000767,False
2019-09-26,16.516277288392214,5.1800528334158615,80.63145014795248,False
2019-09-27,14.684280287311632,2.2376468268252143,65.16705836116402,False
2019-09-28,15.213624666941117,6.958814104360979,68.08974741661291,False
2019-09-29,14.667998702556323,0.6224736929788863,52.66862028009062,False
2019-09-30,15.063884937051643,6.439113107894339,87.71662357142844,False
2019-10-01,17.25133879084001,1.5170089891003342,74.86172000915317,False
2019-10-02,16.16622517606103,1.3866737274237917,82.28327960741171,False
2019-10-03,14.399564387803435,5.281360617225348,71.17850162289974,False
2019-10-04,13.893703884570732,5.643116769903632,69.16137170484728,False
2019-10-05,12.37632692092564,3.701415411957214,68.72535455801489,False
2019-10-06,14.960216302522513,3.344830972303068,87.23548388745165,False
2019-10-07,16.103194065578887,1.7385875880995247,56.86863344812628,False
2019-10-08,15.570487942704942,4.183940635892748,88.12661577463061,False
2019-10-09,15.55693574659429,14.35379047451122,44.418997943826405,False
2019-10-10,16.293095877146865,1.6689118007235768,61.88085913842298,False
2019-10-11,14.812532265225478,2.52091350935602,81.52984209170386,False
2019-10-12,15.800318295674671,4.891240401397944,52.3116252869485,False
2019-10-13,17.423440071188857,3.952176749173704,48.21159434492847,False
2019-10-14,13.751624969641355,2.699929511074143,67.9746819751085,False
2019-10-15,17.62587284413703,5.772428696239872,54.1755595393953,False
2019-10-16,14.910656738016325,6.101023695518257,85.09254821425452,False
2019-10-17,17.597625687166488,3.697181523173306,51.893488173173374,False
2019-10-18,14.694927621383338,7.552353280111408,82.52115320056672,False
2019-10-19,14.733878656162291,5.41107154690857,77.95951025743989,False
2019-10-20,17.92255929359527,4.754879369669661,70.89268667111742,False
2019-10-21,11.537530941189893,0.2965711797037734,41.91977360011817,False
2019-10-22,18.788162074901308,2.5583009101165213,54.8508864536612,False
2019-10-23,16.685891766868888,1.8326347904542988,67.10572768879307,False
2019-10-24,16.074362589011837,1.0352889526884443,54.73482993490442,False
2019-10-25,18.879183006984995,2.0726445831675635,58.38399420735308,False
2019-10-26,16.632550365966004,4.404216832581767,44.307061497863565,False
2019-10-27,16.36103794251828,2.223570105977954,45.06132312391748,False
2019-10-28,17.639354237578196,2.7878670639732457,59.026547256902205,False
2019-10-29,15.652603757217232,5.644039097101342,45.29952670704076,False
2019-10-30,13.779557612254557,1.8803592718861128,43.13422631597115,False
2019-10-31,13.730208172665623,7.838676781951447,61.849343816953095,False
2019-11-01,17.516759633421987,3.169053146165401,75.17825000081396,False
2019-11-02,11.676044869573484,2.851977439048241,88.84239166601559,False
2019-11-03,18.031215957603347,1.3910733413719916,63.59349036824469,False
2019-11-04,16.806482863530796,7.251431921595614,40.4791920085263,False
2019-11-05,14.451785513452066,1.4715836920469536,64.98977036847046,False
2019-11-06,14.75010653971456,1.911519986270508,51.69515564168526,False
2019-11-07,18.07241123841102,4.402318491139427,48.26093935016474,False
2019-11-08,16.943989830959506,5.922135317073627,79.27185702130417,False
2019-11-09,19.08600189861507,8.574854460550174,89.87381297141573,False
2019-11-10,17.943799875789136,7.518852443809679,48.9056988793408,False
2019-11-11,16.037931269917394,2.139576771501345,76.76918961052776,False
2019-11-12,18.232824754039758,1.412313131592454,59.70493862438799,False
2019-11-13,19.446877740432505,6.651925366674773,86.88186673752523,False
2019-11-14,14.04845899755462,6.011028467370685,63.55377616889293,False
2019-11-15,13.518651556889491,4.346472488176316,60.94304935544178,False
2019-11-16,20.10104086820272,10.069529693483544,68.07506967410274,False
2019-11-17,17.738322059449164,5.016904305393672,73.45204049594939,False
2019-11-18,16.60160354421982,4.082928034284907,82.89466111889944,False
2019-11-19,18.904326607440225,1.910043647350154,57.201366619612585,False
2019-11-20,16.03595728031221,1.9588859406411552,84.03314527833263,False
2019-11-21,19.776345570340773,6.883594079415847,74.26878110569297,False
2019-11-22,19.72498289977965,2.58497126216429,52.89555190316258,False
2019-11-23,17.67933641078585,0.6391071742866266,89.40839587657729,False
2019-11-24,18.498935366425577,2.2225892769680744,83.80994682022413,False
2019-11-25,22.519290691335087,2.2676217455310685,81.0005440165672,False
2019-11-26,15.973059549091047,2.459746276532188,61.80363230462282,False
2019-11-27,18.31453458026125,3.32842024147465,88.23989980496876,False
2019-11-28,18.09978567443462,3.399101238026497,48.62070587282215,False
2019-11-29,20.727576722091367,0.9191183850746832,60.39496104487303,False
2019-11-30,21.889202160106382,0.8669630984512924,45.0054479315333,False
2019-12-01,20.147031912601243,1.965474080874725,75.64279275749607,False
2019-12-02,21.65387420414559,2.3875412289489915,69.95178110569378,False
2019-12-03,22.167715124357457,1.765049954934879,45.27392610908072,False
2019-12-04,17.515779071419377,2.814076722292532,81.78536992841305,False
2019-12-05,21.950394553549145,1.1170363076659944,41.50898595812185,False
2019-12-06,20.83862684877027,6.189202031718208,82.41730258827877,False
2019-12-07,20.248552551007,1.4062177197677632,41.34958608522047,False
2019-12-08,20.770949970660023,3.271553679789815,81.58307987546414,False
2019-12-09,20.665937338072226,1.2965798606329717,50.19868210438668,False
2019-12-10,20.779139302386845,7.469371534676038,87.80022644326161,False
2019-12-11,22.609576348038324,1.2732594675770834,70.75503453862385,False
2019-12-12,23.41252421182489,1.5644369151762223,89.18165895624617,False
2019-12-13,23.246588086111508,2.933464162401726,56.10414324535839,False
2019-12-14,24.092456020967568,5.446189664672039,79.58799226960694,False
2019-12-15,21.644445607595,1.5196711686553857,55.40630473340821,False
2019-12-16,24.17222181836861,4.754714416389353,53.92369640704244,False
2019-12-17,22.232387927419737,3.006358379472189,86.44731556383772,False
2019-12-18,23.32005130881088,16.786771657379287,50.67470507340306,False
2019-12-19,23.36179029119821,6.692237528431719,83.5827986331565,False
2019-12-20,24.481794543299625,0.2673278459786087,59.3257097204784,False
2019-12-21,24.48047405547314,4.502294840356681,82.19309675680813,False
2019-12-22,21.287114447448047,6.476097024859521,62.5492518213588,False
2019-12-23,21.58751950287264,0.798043836338925,69.55286282265513,False
2019-12-24,22.03123683749333,2.725388592842786,51.57988448960211,False
2019-12-25,23.245946465430823,5.199569636473493,79.19021796769562,False
2019-12-26,21.677025787384935,4.433377193993179,59.77894161611142,False
2019-12-27,26.7334841130653,3.914577060805005,40.90208520309368,False
2019-12-28,27.911417786549396,8.786853223624272,71.05377275365305,False
2019-12-29,22.70549819109778,6.763080625817568,68.9672882390919,False
2019-12-30,26.45344554847417,3.814369920789465,85.52900447162015,False
2019-12-31,25.97967834816061,4.797636725531155,64.07034066382843,False
2020-01-01,24.26909075073452,7.60396580775759,80.61373394815438,False
2020-01-02,23.606346656109643,2.543788199218104,62.10791391388536,False
2020-01-03,26.205902797649983,5.654370221470674,47.67418971989729,False
2020-01-04,26.825061072373373,2.9627719468524325,84.12211074060397,False
2020-01-05,23.860292688679603,4.220463838307568,80.0018907511571,False
2020-01-06,28.940118938306675,0.5951701395366469,57.92595362046667,False
2020-01-07,25.570706155790557,8.441970679325008,67.9696458806263,False
2020-01-08,28.33286207048631,4.074664875871477,84.24080178541266,False
2020-01-09,27.30209382510468,11.226507087963714,57.65420435258427,False
2020-01-10,26.06940040387162,12.462821769572876,42.97366738902896,False
2020-01-11,32.47634356382925,4.461351154768934,44.235510952009,False
2020-01-12,29.3617229854504,4.048210054680203,75.49328728607233,False
2020-01-13,26.76136499430214,3.481991964190261,46.02123816530805,False
2020-01-14,26.22346073091244,4.980939768839682,81.94877986036808,False
2020-01-15,30.258304152071336,1.8807648467102656,76.0210457776858,False
2020-01-16,33.03193309648084,2.8801541443511853,51.43294343454417,False
2020-01-17,29.46898175064063,6.060049990825479,52.714949179294166,False
2020-01-18,31.29427098631936,8.220145759869524,53.63637050954256,False
2020-01-19,29.841501037858304,5.276678389795906,41.934572185908245,False
2020-01-20,27.05228420538766,2.8479851793046245,51.718877082037054,False
2020-01-21,30.914993364707467,2.025355068927395,59.71860762099081,False
2020-01-22,32.31790404535904,1.1829790595997078,78.47876479329454,False
2020-01-23,27.69738583200593,1.0690222681024484,41.51272528667455,False
2020-01-24,25.93519954352169,3.9774104831561594,59.196173645833554,False
2020-01-25,30.29643902866613,0.4691798526449093,70.35471800595143,False
2020-01-26,30.140179704615303,2.061901882061585,83.45575254771018,False
2020-01-27,28.43373242619573,1.622767900348092,69.86842304066882,False
2020-01-28,30.3262098561216,2.511751556326813,50.72521492385826,False
2020-01-29,29.98534733820605,6.851757369930964,87.73071314153228,False
2020-01-30,34.588045733061456,9.743803698701964,65.41505431636318,False
2020-01-31,28.44258360612589,1.9080703164048296,88.87665320169637,False
2020-02-01,30.26614348013242,2.359403501392116,50.01310345802694,False
2020-02-02,29.195755012980232,0.9720519559417264,41.60386918524269,False
2020-02-03,34.33778670461764,7.635860600982098,61.515673461725285,False
2020-02-04,30.268630441613368,8.793721538032134,59.59163046291641,False
2020-02-05,27.732525584975903,2.5658240579849307,55.665830507996944,False
2020-02-06,32.59637734268738,4.196895725517508,66.33478966602797,False
2020-02-07,33.36276784785126,4.996046352204822,48.33846368755842,False
2020-02-08,33.63915012916862,3.952275174807522,51.02316933883708,False
2020-02-09,31.82359189448304,3.9265127686854617,72.43594587477696,False
2020-02-10,32.49104236923788,0.463799778004394,82.22720553468703,False
2020-02-11,32.33495801676317,2.761188856243768,73.70799995453362,False
2020-02-12,32.82673159041246,1.1397409579510789,56.3923517955167,False
2020-02-13,31.37946450525687,2.3274955017646177,51.14924872704373,False
2020-02-14,32.45484693208719,11.107214778988077,85.51471843637322,False
2020-02-15,30.19711328228426,7.766275904926307,64.34993341766409,False
2020-02-16,31.60076712674824,2.208210515918592,87.66189703199714,False
2020-02-17,30.957990014389484,0.930376129757125,46.53502719816953,False
2020-02-18,33.196716966375284,8.65775984309681,88.27184924358485,False
2020-02-19,30.64038810633241,1.6379713353084144,54.06160611093898,False
2020-02-20,33.64742745252797,3.8548344797136034,59.17667731701884,False
2020-02-21,33.403513706421414,3.797112162447728,69.962363619608,False
2020-02-22,30.29497559139153,0.8780090421434344,52.95372862079935,False
2020-02-23,34.89859666614808,3.187922755150788,58.97063326864127,False
2020-02-24,29.472441080594265,1.9305307554515696,69.29037655629318,False
2020-02-25,33.595394054491635,3.234041769549353,80.67535777895523,False
2020-02-26,35.787983059133566,0.790674899492182,74.24076751679368,False
2020-02-27,34.577802891789176,7.217380332479735,84.34972397152895,False
2020-02-28,35.52802592642443,5.706462288180324,47.46395361351267,False
2020-02-29,33.164527998174314,9.836502723294393,44.356022084588105,False
2020-03-01,36.83657676995512,7.432313427526672,74.82228950073495,False
2020-03-02,33.27972597351618,2.1503435291258124,42.92316969896261,False
2020-03-03,36.07143810644647,2.9460614334445667,77.22090902887649,False
2020-03-04,34.195154267698626,6.727730726486008,52.67676857582525,False
2020-03-05,33.797905758870826,4.898166223326261,81.19597504383574,False
2020-03-06,31.668928163930477,4.102596637109809,80.89509405320123,False
2020-03-07,33.79079310376303,14.297166640188326,52.94043530402959,False
2020-03-08,34.537031593683444,8.491122245605254,83.6394711140993,False
2020-03-09,33.1383501278729,6.3687175785155405,58.40293341249016,False
2020-03-10,36.98258502816332,3.161305037762387,62.1429694181183,False
2020-03-11,33.74217869698335,1.592853544202609,88.82810963458057,False
2020-03-12,32.491355387758105,7.17846128041143,67.1541568885826,False
2020-03-13,34.53803457096409,3.709026477234677,51.02182437318951,False
2020-03-14,32.267795492930375,2.814793704322499,78.93747946204249,False
2020-03-15,35.281808479299016,2.2103238783192167,54.540793252657096,False
2020-03-16,34.92280976201744,10.597532351028692,63.37781165288584,False
2020-03-17,35.53605364017262,2.840816364355294,74.09477840429317,False
2020-03-18,32.79429420426828,0.737582986015684,83.49390793638574,False
2020-03-19,31.81581240627372,5.966557088669552,88.57164323517895,False
2020-03-20,38.18872176452525,0.4773222546258981,52.55652613292257,False
2020-03-21,32.97673641901031,7.047900523643964,49.33184861090161,False
2020-03-22,37.460675043188616,5.316183669680458,50.70588507580173,False
2020-03-23,36.399989235972576,2.2072781741673717,67.40219775383758,False
2020-03-24,35.80880755280515,11.339326210402891,70.97808147894682,False
2020-03-25,36.81952279685011,5.39137578082536,87.54218791742515,False
2020-03-26,35.615665201591,0.5866228042099096,60.88722103411596,False
2020-03-27,39.035619330174136,1.9124926237701532,78.72389091592242,False
2020-03-28,36.91091360787394,1.9723597830689183,82.63608923929243,False
2020-03-29,33.18455665689479,3.4196459752665374,42.676616383528334,False
2020-03-30,36.56401978037231,2.597654542819103,49.763028078173,False
2020-03-31,35.83909508922623,7.427903044538204,67.83875790899498,False
2020-04-01,34.72072687710206,4.309601271983582,40.292142426600456,False
2020-04-02,35.76096452873806,4.118249886456202,65.79120749946802,False
2020-04-03,33.51678699739163,0.433800685726373,78.62936780250271,False
2020-04-04,37.78132553472347,2.561293650312279,52.87100808126533,False
2020-04-05,30.66453990956312,2.4562534876148163,54.59833418736297,False
2020-04-06,33.38420084238171,3.5251911070518003,87.966310110477,False
2020-04-07,36.94460673759504,2.2865600626986557,82.5457022918568,False
2020-04-08,37.27458960042858,4.92081507170698,78.94543917918482,False
2020-04-09,38.52740905874694,2.438607375229609,71.99557209356787,False
2020-04-10,35.1410030909289,0.4676067897281178,66.74035040151422,False
2020-04-11,34.44732148228608,5.283519595007831,54.279390201388495,False
2020-04-12,36.815746383102514,7.451089984252581,69.48806752688881,False
2020-04-13,32.85576657273273,6.192849955418515,68.04476321197932,False
2020-04-14,31.621110616428115,2.153721699952832,67.63919122427792,False
2020-04-15,32.6276530242438,3.1210219277861966,71.6553529102604,False
2020-04-16,34.092066222467146,9.668325311295533,77.01281832561537,False
2020-04-17,33.989444451117656,4.594882732029164,48.01810050906701,False
2020-04-18,36.77168068051128,1.5661769942823776,70.02242167575143,False
2020-04-19,33.33770859586704,2.4584399016688083,84.05415353804625,False
2020-04-20,36.054430474287976,4.940990525146031,82.12297066246558,False
2020-04-21,32.84261945418799,1.7740358378044256,85.45385252223784,False
2020-04-22,35.60625121778619,4.178542785208236,87.61816700729885,False
2020-04-23,33.532177240889666,5.143289318403509,61.41844722261277,False
2020-04-24,35.783334370597046,0.9729091119787856,84.57533348582459,False
2020-04-25,32.877408938600524,1.7141665876919496,73.56985718853088,False
2020-04-26,32.14836158307301,1.485396197005968,78.41149067143907,False
2020-04-27,35.40032064744591,7.163559722011796,55.8687541106019,False
2020-04-28,32.83480457237093,2.097859050248035,67.31534988404907,False
2020-04-29,35.773791412197106,0.1698146643878552,42.31800007567527,False
2020-04-30,32.23939294163565,1.607372335138665,51.79862132146391,False
2020-05-01,35.9478655342952,7.393029195241828,82.59348154504086,False
2020-05-02,30.014504019707253,6.747733732428877,51.42034422063691,False
2020-05-03,32.02096146706265,0.6059605601259059,72.4526014958249,False
2020-05-04,33.31902981829095,2.1218323069936718,84.30755033784934,False
2020-05-05,33.02520791287629,2.470963109594187,40.8963189129676,False
2020-05-06,35.72697648433508,7.2271320392998994,69.32120635545715,False
2020-05-07,33.977812091218425,9.503000994388891,89.85872783442903,False
2020-05-08,38.773536253916056,2.257575846239524,61.27808698373656,False
2020-05-09,29.596878316229343,2.7233198275345654,74.75521647588968,False
2020-05-10,36.547626377369824,3.362314456932034,78.81486472950485,False
2020-05-11,28.650194980447527,2.2526584656545063,69.92591186363998,False
2020-05-12,30.113910130752306,9.314042610940136,73.86421197006786,False
2020-05-13,33.14641548955022,3.27487108066546,82.45987370330104,False
2020-05-14,34.02402449405622,11.015360671412989,88.42431912490676,False
2020-05-15,31.11860419144537,2.742452824422817,43.0347891807947,False
2020-05-16,34.73881080307096,4.055294793849083,46.91101580522699,False
2020-05-17,36.87849208689904,3.9525827991798455,71.94343133547869,False
2020-05-18,30.800957234616437,2.712500249014137,61.11974785729901,False
2020-05-19,35.33999248089409,2.194483637190279,81.04765362315584,False
2020-05-20,30.273099974156587,3.903209487732045,63.20507527009718,False
2020-05-21,35.26209884791986,6.448340697443896,51.20632200357484,False
2020-05-22,33.07066861597905,9.961911215690058,86.60327600639606,False
2020-05-23,30.63794283425993,0.7835977782616748,52.96084210579559,False
2020-05-24,30.4633163936914,9.290604984507407,66.76123964124012,False
2020-05-25,27.693460223023685,4.842096885318442,50.65791592999621,False
2020-05-26,32.71150642752366,0.3728837473541102,43.195882070770494,False
2020-05-27,29.134922185843017,1.2969186422248,83.38172280714599,False
2020-05-28,31.157548383872324,3.057587238833577,66.20566565573898,False
2020-05-29,32.740130878731634,7.087846832144873,52.217204959893344,False
2020-05-30,27.167491540270763,2.186584386574457,67.38308091280868,False
2020-05-31,30.18050521499099,3.4744589340009733,59.904892276368415,False
2020-06-01,29.35962405255381,4.33069926339848,60.0798226233236,False
2020-06-02,32.30380978650731,1.1402819596132123,65.92850350136825,False
2020-06-03,30.313447997432693,5.082400172122833,79.50093123563585,False
2020-06-04,27.42594042408693,2.9568182251210238,69.65726735644147,False
2020-06-05,31.243013203497824,1.5574632377783968,60.46039067200616,False
2020-06-06,30.782533951888336,3.5387458149426694,41.521046187072336,False
2020-06-07,29.2212923185179,2.196540619952987,63.39670927456142,False
2020-06-08,27.78327146543048,2.5789032346202965,58.3051139758158,False
2020-06-09,26.35766886649641,1.9817184951784717,69.31975891266633,False
2020-06-10,28.88367267946933,4.003669643638752,53.93608154584622,False
2020-06-11,28.798056514833892,2.1463266456324432,87.98069299678687,False
2020-06-12,27.469388278652257,5.6481420541405685,76.5536400942957,False
2020-06-13,25.65634497592928,4.152147414701998,87.1229813172409,False
2020-06-14,26.77303143657625,3.827157362637641,86.94930309094752,False
2020-06-15,29.710801608603877,4.685203444700846,71.43509190235068,False
2020-06-16,20.995164981753906,7.275461626944392,82.31451973905155,False
2020-06-17,25.76543336073184,3.231711880860877,87.73667088702412,False
2020-06-18,30.063523415506715,4.639887601370231,76.24907692686338,False
2020-06-19,31.34087046679213,4.880097425773274,73.57227505595112,False
2020-06-20,23.791211061746477,2.4741103389257098,83.69816029296658,False
2020-06-21,25.22977469276926,7.583709937286222,44.82381112198086,False
2020-06-22,27.094164026685046,11.90636607932509,58.354992577136215,False
2020-06-23,23.96359733424823,1.1627010561343396,51.37883107437914,False
2020-06-24,23.851966526047683,2.5846949173932465,64.70654912070646,False
2020-06-25,26.457315902304742,2.82175515146603,45.74761649046781,False
2020-06-26,26.065028773583578,4.101222996322377,55.13994566125438,False
2020-06-27,23.84525521911189,2.8098583048625145,88.12245620236645,False
2020-06-28,25.58531597102265,3.4894844605775277,48.205320290255926,False
2020-06-29,26.92610204002989,3.6110063222639854,52.600585812695805,False
2020-06-30,25.92003799973097,3.5079340974963267,63.2536352965997,False
2020-07-01,22.011491690127013,1.3367353731439244,84.91210642792052,False
2020-07-02,26.519333243174604,5.26593081317289,54.52927536233791,False
2020-07-03,24.777506389135755,0.4370979872508734,58.55674857710604,False
2020-07-04,24.46302906519245,6.652528943375281,81.962200172835,False
2020-07-05,24.21644857095539,2.6972461457469192,71.61608489630986,False
2020-07-06,25.60246760950187,5.422155726696633,89.47109062213457,False
2020-07-07,23.04236963096039,4.258696472831051,65.12264782163805,False
2020-07-08,21.045773794039235,2.152387254848691,89.7893957528097,False
2020-07-09,24.241397508227735,1.990621082257533,46.52077007647901,False
2020-07-10,21.751527878714164,2.4512615953660104,67.17995907206621,False
2020-07-11,23.01038559080289,4.892822889522854,78.39738486586904,False
2020-07-12,25.83184276923584,2.845156494250802,69.77760739831191,False
2020-07-13,23.18245790832215,1.6050039036678565,61.34704028994216,False
2020-07-14,21.331541910378995,3.054932613660948,81.49478466757517,False
2020-07-15,21.64112306973753,1.577323442295285,52.90695472670863,False
2020-07-16,22.481635150960894,2.609652342819244,58.856133221137526,False
2020-07-17,18.28246641275104,3.109645859176198,47.223319133269314,False
2020-07-18,18.81629856479761,9.525886838149866,49.088859549844855,False
2020-07-19,20.12414236045744,0.6398181754395484,42.36375895960837,False
2020-07-20,18.868056391338357,4.839980766705348,73.47812280976362,False
2020-07-21,21.70542660571897,1.892190757664912,87.67732150519248,False
2020-07-22,25.389471134346003,3.2477494169801377,82.5958879808521,False
2020-07-23,17.591358110400552,10.882097288099429,84.86340023241434,False
2020-07-24,22.96099309990355,3.439686376635945,89.01435146379765,False
2020-07-25,22.0712575258724,1.3895674504405389,62.68289281055752,False
2020-07-26,19.73723711776953,2.4015557727560983,78.40375071827401,False
2020-07-27,22.383136726172918,2.948811669330211,46.606971220035135,False
2020-07-28,21.6347742821821,6.364627196979779,59.000612119721424,False
2020-07-29,17.0572418558187,3.511730167148642,51.216707234193706,False
2020-07-30,19.02477696768284,10.167212748690453,66.30588550228777,False
2020-07-31,23.99060175053448,3.475330912377629,53.464665692525806,False
2020-08-01,17.331740250709068,5.908686946082196,53.08973087781092,False
2020-08-02,21.33985212875153,2.890246305590235,52.24403185336343,False
2020-08-03,23.30165503076948,3.6589991352093976,63.70217777417798,False
2020-08-04,16.543434214154797,6.688277874303376,80.63069945575546,False
2020-08-05,19.949156658454307,4.558790886658629,40.68649759941306,False
2020-08-06,18.99068774434439,2.736101150744819,86.87831035402968,False
2020-08-07,17.618476475411978,4.344924597898179,72.77238270768821,False
2020-08-08,20.716104467884836,4.856219945540103,58.35235941484487,False
2020-08-09,19.23529292676749,6.241922703951877,87.85400325134167,False
2020-08-10,18.83234155207053,4.854803701492003,44.23164910571885,False
2020-08-11,20.648472687944352,3.878906495149907,59.32821426906692,False
2020-08-12,22.334389012775844,2.718907222252995,78.36902112396533,False
2020-08-13,15.827437742253862,8.7813828473973,72.48346606125315,False
2020-08-14,17.819377929981748,2.965378119592203,45.329928888748256,False
2020-08-15,19.430321247528543,3.76121270499194,56.11770190015219,False
2020-08-16,18.65954761660836,3.2261241078468035,56.41487726522258,False
2020-08-17,19.38454346816958,3.024706761251513,74.50071487596406,False
2020-08-18,15.902414934268911,4.594749799030812,82.81681600537505,False
2020-08-19,21.67924632771544,4.3392013282671655,74.18627476001993,False
2020-08-20,14.66310721250899,3.606588809867183,74.01659249234167,False
2020-08-21,17.21811968012645,3.193491731518543,72.89171414964773,False
2020-08-22,15.45247456228861,6.868367482011985,80.79518514043673,False
2020-08-23,21.980995039022908,3.684219286376272,56.61014561304414,False
2020-08-24,13.72605120568494,3.2949243686001823,78.04858133288096,False
2020-08-25,18.231520002255568,15.44057248500226,64.13674216190333,False
2020-08-26,16.161192106631876,5.229168862735272,75.50572387642323,False
2020-08-27,18.94348901282852,1.8326191099429825,85.93402482084662,False
2020-08-28,22.155610913326832,5.848301042969998,86.36701465409001,False
2020-08-29,16.52957748927355,2.892614601622346,41.34156811335363,False
2020-08-30,16.326041215563293,4.421316832062368,57.5045506648929,False
2020-08-31,17.306493773148866,1.4565191381617688,55.562869262061774,False
2020-09-01,16.425763754734998,6.022374631642668,89.79687484392002,False
2020-09-02,14.559082395498924,8.936646765740132,52.9857726764743,False
2020-09-03,14.610414228255424,3.198670303412831,88.50111749396808,False
2020-09-04,17.08808402429919,1.025661464849971,45.2382111827313,False
2020-09-05,15.793909770552322,3.0767692934746504,40.55121285355821,False
2020-09-06,16.637854352752605,1.967710907448704,63.64117495072415,False
2020-09-07,12.629045580373838,1.532525734425543,87.47528118170038,False
2020-09-08,17.05739512917147,1.2586707597236642,56.83436441126064,False
2020-09-09,13.41997067129536,10.021341720059995,81.33639534295914,False
2020-09-10,15.380069360752753,2.325968853380456,51.95992509536535,False
2020-09-11,14.312768970770064,3.265773832552813,89.31497150676499,False
2020-09-12,15.215751034527106,4.761041127195824,80.07631703831782,False
2020-09-13,14.467744059021216,5.594185345683659,83.2746518696169,False
2020-09-14,14.173832423953227,4.875479842456126,42.38766452009321,False
2020-09-15,16.491158246597458,5.576014441020927,60.41355389018065,False
2020-09-16,17.7385243670631,4.187151249511055,79.99839570149003,False
2020-09-17,15.724825784130958,5.355272355738495,60.32245888333381,False
2020-09-18,12.483986555494996,12.905738868060933,40.26007790093995,False
2020-09-19,16.137664224092052,5.334897004422523,72.28537880288422,False
2020-09-20,18.977631656816623,1.8992464951161467,64.08393800738992,False
2020-09-21,13.962009285363616,14.300505095239204,42.0381722494331,False
2020-09-22,18.63855640968932,3.951409845325606,78.66378723583986,False
2020-09-23,12.696448182674027,2.9730970437280018,40.11260368971728,False
2020-09-24,13.026228768056685,1.5180443796329564,40.03746819242277,False
2020-09-25,16.30272141685427,3.9761668266442016,68.9107044884264,False
2020-09-26,18.724056613644745,3.8250383319749126,42.59932641022881,False
2020-09-27,15.776489920358411,4.208301121034496,84.9636614991411,False
2020-09-28,15.868797039954169,2.1184177315625448,59.19734309404328,False
2020-09-29,19.26384309972205,2.696630838866272,72.5031499531568,False
2020-09-30,14.721206570772845,1.9616934323140796,46.30498672616886,False
2020-10-01,15.320627296797811,3.4329178881856235,73.72663286289044,False
2020-10-02,17.424763528728807,2.0774962178548004,45.44014087894916,False
2020-10-03,13.495328063116908,7.683461597039467,82.41134546863145,False
2020-10-04,14.195239696575698,6.493414170576341,72.76583839103891,False
2020-10-05,10.9398382296038,6.110627152874045,60.22730325129567,False
2020-10-06,16.320908904374036,9.38820400494733,78.72926500401708,False
2020-10-07,13.685778509752051,2.2519429562484685,62.73817395746853,False
2020-10-08,14.966333313404016,3.8099792065776215,50.71181978556204,False
2020-10-09,14.958292363055904,1.2360452194135867,53.78512023582785,False
2020-10-10,13.344283687798312,7.379404390184674,86.44168043095277,False
2020-10-11,19.666134475136843,4.133164663541176,69.1260290855073,False
2020-10-12,17.246099236141163,2.317492096104712,70.63956373337058,False
2020-10-13,16.46178019811077,5.215397708386427,67.41362309240459,False
2020-10-14,13.198130922811709,5.3402657988252,64.97534433178369,False
2020-10-15,16.500604914822112,4.380241427347744,77.155201474356,False
2020-10-16,17.205823191051955,4.580689112212604,53.734721282949145,False
2020-10-17,14.818828172078144,6.700647014241516,86.49613354809358,False
2020-10-18,11.962496810236775,1.1701715188790114,60.980028387860585,False
2020-10-19,20.42941682994897,0.7869054710770179,86.17578628409292,False
2020-10-20,16.63785992049272,4.016695912917811,52.78364941191958,False
2020-10-21,15.766181133777158,4.293891988799769,44.3676633959704,False
2020-10-22,15.526485202263563,7.894361538667156,75.36016631722381,False
2020-10-23,18.565612265692216,7.392119841789268,58.43544516616488,False
2020-10-24,15.714062285719898,6.0110550273469965,81.42500334853614,False
2020-10-25,18.833538480224508,1.0948356360833496,53.94966069368355,False
2020-10-26,15.596741841099387,4.666403648921574,51.49669892611991,False
2020-10-27,14.507627669133404,4.647746450790148,80.70909258079813,False
2020-10-28,16.833316618818642,1.750007180254569,48.92112564690343,False
2020-10-29,17.7869565549668,2.092977129460307,79.86043064227815,False
2020-10-30,16.73433812257524,0.3683290787697772,56.54528569673509,False
2020-10-31,19.856872870599272,3.904787496058781,71.10016625819054,False
2020-11-01,17.24721366603272,3.452117526602075,45.929066169116496,False
2020-11-02,17.00124571730132,6.930100555713403,72.72731912514404,False
2020-11-03,17.04633551379506,1.2493429026645548,82.45194989107682,False
2020-11-04,15.917560780443225,2.8140098261451407,54.70591518706728,False
2020-11-05,12.238361522700169,6.087107021199326,52.96731588641634,False
2020-11-06,15.636304206233763,5.402877287507556,57.069286720120985,False
2020-11-07,15.82345391754038,3.8604822799639735,69.46713785904609,False
2020-11-08,19.052232719498065,1.0957201143608797,74.63879933098366,False
2020-11-09,19.36591457658224,7.600498977099596,45.43135008824846,False
2020-11-10,13.879994315692382,2.794586490684868,72.8190064196192,False
2020-11-11,16.41104372562686,1.3298715932663532,65.21982152133512,False
2020-11-12,15.25232718576962,1.917412948788152,60.18036288588465,False
2020-11-13,22.189459446259512,5.210276288905958,67.59170596861694,False
2020-11-14,17.99366687854637,9.774993078504664,79.44573999419407,False
2020-11-15,21.483356406316403,1.752233268006257,62.9128050008543,False
2020-11-16,19.013298076651964,0.7285920512992949,88.36084299747381,False
2020-11-17,16.036786559356987,1.550817654164984,75.40101761213214,False
2020-11-18,19.075529604696904,5.394527106117395,66.96919770470896,False
2020-11-19,13.268289403358478,0.2837306641119071,62.26338799394908,False
2020-11-20,15.99461141533039,1.0951902244854574,46.853762682716784,False
2020-11-21,19.22958648264289,6.0915942313979485,58.44893780530076,False
2020-11-22,19.33638765836021,2.180301940531004,78.40127644751824,False
2020-11-23,19.16086109912664,3.83725208115278,80.94033046152813,False
2020-11-24,19.79219015039558,0.5949196156604567,57.483418313475454,False
2020-11-25,23.458102835068782,9.79082005861098,65.96266542452445,False
2020-11-26,19.87044748304921,7.134441159836968,40.66206123649639,False
2020-11-27,17.716013466868695,3.994916234397604,77.09761111821385,False
2020-11-28,20.483977755433195,6.993429086121392,42.291228492454735,False
2020-11-29,19.13708807042659,2.0916641518478216,78.82310223883783,False
2020-11-30,18.68844490283709,3.417250334028099,47.195729500204415,False
2020-12-01,21.79165021166405,9.36852081139193,63.08524939954036,False
2020-12-02,17.38841856671861,3.8073563006139386,65.26871881352909,False
2020-12-03,21.377068155815746,2.51947017523287,77.82327941295327,False
2020-12-04,19.59242394190509,4.343329142334668,53.71697612568023,False
2020-12-05,17.979353839477,1.3048754462313714,60.9680043450192,False
2020-12-06,23.165188464831758,2.605155990397589,62.89022651200818,False
2020-12-07,22.02996841239136,3.2389796424644355,56.6576515491788,False
2020-12-08,21.16382303732761,4.180726186755478,46.13991215434646,False
2020-12-09,20.754576547686064,4.817721237233964,70.87171122052926,False
2020-12-10,25.16176056887538,3.541900497996593,45.60154726028,False
2020-12-11,21.751159299674477,2.73840312203485,87.35622436276745,False
2020-12-12,16.494314614792675,2.850850080439085,66.00951485120004,False
2020-12-13,19.57669901494844,1.6648537611702536,49.596000461845456,False
2020-12-14,21.064327604404063,0.1368683610492426,70.36156565467098,False
2020-12-15,21.05888022667519,1.9235971870307,45.85136633100284,False
2020-12-16,21.40374650537276,4.204328415263255,43.00256027108738,False
2020-12-17,20.384239036347072,1.3141021048173387,78.19328473456395,False
2020-12-18,22.076273293918927,6.435449592327704,68.6508398646073,False
2020-12-19,20.845760063391975,3.4009025916923283,43.94937882508592,False
2020-12-20,23.353285317440168,9.285739531376354,40.649813120197855,False
2020-12-21,27.058535372868448,4.815005793874737,65.01220571114504,False
2020-12-22,23.963198939781737,2.4099207711908184,70.5366060925652,False
2020-12-23,21.87537349011509,2.366062166320365,70.24259905121791,False
2020-12-24,25.735341966479997,1.9405775525485336,61.32680755951161,False
2020-12-25,23.813753189737547,2.9020746288290384,44.96664091828252,False
2020-12-26,26.843113876052087,3.4277351772913764,83.57396261205629,False
2020-12-27,23.4404796680091,5.782187982410884,76.25589212081003,False
2020-12-28,23.737890403580085,4.164466044569865,79.74721018725964,False
2020-12-29,26.7386058800352,2.5210086178257924,54.48240602242306,False
2020-12-30,22.26654054215076,1.6191249336257534,78.61311594735267,False
2020-12-31,24.37771901283601,1.914693717755877,83.85364536291907,False
2021-01-01,25.183832428393103,3.342800986579048,52.77375644610631,False
2021-01-02,26.669222363810437,2.399502131812069,53.80524666333689,False
2021-01-03,26.662623050849525,3.058411190569981,83.266935062459,False
2021-01-04,24.81989229103082,0.6431427372445381,64.40799927714752,False
2021-01-05,23.36293703103241,2.003767244455977,41.00869458883074,False
2021-01-06,28.172587376824627,8.498457268758306,88.72718117667772,False
2021-01-07,22.832787353304155,0.3177502149751237,80.2930582542034,False
2021-01-08,26.035544634175384,2.497036424375707,52.30398531569934,False
2021-01-09,26.99781961018286,1.4745547639972263,59.15321724044539,False
2021-01-10,29.351079343703653,1.249348955194795,72.18957540899349,False
2021-01-11,25.857381295224283,9.367450913143042,71.68080079783223,False
2021-01-12,26.343954794427347,0.6036700830557981,71.06558054727,False
2021-01-13,28.584294990901363,3.909777984307905,73.47698671185194,False
2021-01-14,26.930132645546355,3.9291308680548473,77.23516580724922,False
2021-01-15,27.882522994881416,5.985774009405084,56.21107045055631,False
2021-01-16,26.31964325356149,0.8172234516775364,54.05881894091905,False
2021-01-17,26.47008532865106,11.93976284336581,53.02499170475989,False
2021-01-18,29.02374609243297,5.237212586515628,61.44836420491947,False
2021-01-19,25.250920974996767,0.4242840962021343,48.79942991468253,False
2021-01-20,25.230811332457076,0.4622804687005705,72.17257039889793,False
2021-01-21,32.39957167616959,6.811468718588227,81.97571661349443,False
2021-01-22,29.83454612257733,3.064455417891387,40.60905062597758,False
2021-01-23,29.933947690603908,1.5767882588561477,70.27282446252977,False
2021-01-24,31.43274560340484,1.50603499633807,65.09385110034877,False
2021-01-25,29.653682894220037,5.362328588166323,64.26545510493506,False
2021-01-26,29.519119297182147,4.641120705207548,71.5278925469741,False
2021-01-27,32.15175365327691,2.427165441885277,69.2125879872489,False
2021-01-28,29.901525521336566,1.8683433121939867,60.68866861701529,False
2021-01-29,30.16607789901219,3.1732935304991607,83.79952627295462,False
2021-01-30,33.2059164181171,2.9455029840789977,58.562241183531725,False
2021-01-31,27.465197336080475,4.430956731213294,56.64481284181958,False
2021-02-01,28.900298802570983,3.413807299657092,76.00750458575276,False
2021-02-02,31.542421477232843,1.6089309074302631,54.63319178183383,False
2021-02-03,29.04680254140625,10.918289251527618,54.95521948862364,False
2021-02-04,29.04088743272445,4.219044995088841,47.729923201208464,False
2021-02-05,30.629987503920376,3.2135524160657267,54.22312946549675,False
2021-02-06,26.95684609534063,3.2849619631976656,74.98943948464321,False
2021-02-07,31.081126681745477,6.206404294878073,43.04254139273419,False
2021-02-08,31.67429019738051,1.4546384038958355,51.16480173180061,False
2021-02-09,28.062455767429903,3.3989153975057795,62.58452579501993,False
2021-02-10,29.61033428642149,1.6838299328092143,51.46320275924009,False
2021-02-11,33.9777121150511,5.30541041655712,85.07441038038286,False
2021-02-12,32.58363725007661,1.824458515500794,83.93305093069918,False
2021-02-13,34.87959974183784,3.2034207945171707,50.05044680882321,False
2021-02-14,31.549155987813077,3.504106157650397,44.084999774592255,False
2021-02-15,34.129310577303734,6.690767908280212,80.52304897811337,False
2021-02-16,29.80205319337124,1.780967504226496,56.77601754573769,False
2021-02-17,32.47784530712668,1.302757678426741,72.1394927824335,False
2021-02-18,30.93590933473369,0.9371036656910636,74.46764427675089,False
2021-02-19,32.867305234382314,1.8633068218277031,66.706547451509,False
2021-02-20,32.57886883264687,1.2711705947977503,71.7258681962127,False
2021-02-21,34.94369623109445,4.885449316399212,77.1767261489344,False
2021-02-22,33.468549935372735,1.8402039121409075,75.55309404296715,False
2021-02-23,31.145795218039503,5.232637564429972,71.97510416670595,False
2021-02-24,35.33741011420253,5.08038267668091,53.62085025369877,False
2021-02-25,31.448415280588144,1.788477093164284,84.25639603988444,False
2021-02-26,38.85421513160366,5.366861500586365,76.97686629667578,False
2021-02-27,33.69497357148273,2.808376703634012,71.63613872802883,False
2021-02-28,32.0271235364864,12.464887502915118,89.72700569159822,False
2021-03-01,35.23713794609018,0.8402421688469349,85.142539596868,False
2021-03-02,31.537733730568856,2.39005089616947,88.3842686310276,False
2021-03-03,33.48365845512912,1.4249645261586237,59.52554262587715,False
2021-03-04,31.0830431660947,3.112532538898074,54.28655198322184,False
2021-03-05,34.094213737775114,1.0456710202628543,74.54044297516984,False
2021-03-06,34.65669931384337,0.821781336944074,40.28560383708104,False
2021-03-07,32.19709766751062,3.098370116448969,48.02137288945531,False
2021-03-08,35.2374617125049,12.721313900612175,50.866572304175484,False
2021-03-09,33.87643063617653,6.461550708075112,58.49989646583106,False
2021-03-10,35.04838534229589,1.8998684056688904,48.06937104491906,False
2021-03-11,33.02490861836353,9.15950755554946,63.2497486211079,False
2021-03-12,36.590205168551705,3.3930114896819896,70.87601282189817,False
2021-03-13,33.605040836566715,0.4109122001867759,79.02905399380063,False
2021-03-14,33.349715440877006,10.622667256746375,88.04798819479126,False
2021-03-15,32.39009097212096,0.3747570889713522,47.13148643130504,False
2021-03-16,35.314076060801675,2.5292810517399933,42.78354311578843,False
2021-03-17,34.61090814714694,1.722610682591013,73.26352516662776,False
2021-03-18,36.17252686956785,2.11155503819129,74.49051692313463,False
2021-03-19,33.441804865178355,4.482497405567386,63.75095616689674,False
2021-03-20,35.12708759858385,5.945069909310726,53.710665641073945,False
2021-03-21,34.997281308032896,4.899853890001972,71.44701095638837,False
2021-03-22,31.217329217851788,2.5743977143364543,49.10837542408196,False
2021-03-23,34.953508303948915,4.890386961580837,80.46110553398756,False
2021-03-24,34.24935181007336,5.606830837635154,64.49840836285446,False
2021-03-25,35.97893354234021,17.397395108164844,72.72115178868872,False
2021-03-26,33.172922530330474,5.174256433707488,79.78183988797423,False
2021-03-27,31.80263657391652,2.549451917957001,88.97902707264532,False
2021-03-28,32.4882847232927,0.9819918293349216,76.44097380609207,False
2021-03-29,34.5017821399335,1.8753045123307133,57.57400231073808,False
2021-03-30,36.80030391201121,4.5478147844782,73.80820968433946,False
2021-03-31,36.13821737066377,2.4207401752482363,71.71414118988383,False
2021-04-01,32.677212425625704,10.702480228936826,87.71313068027905,False
2021-04-02,40.456313021587086,2.672607070811333,70.04634618044733,True
2021-04-03,37.43536297547947,1.636784450211069,71.51008818455281,False
2021-04-04,37.36235683664163,3.541600616440061,53.65903796804896,False
2021-04-05,35.718506571264975,3.6629015961963294,64.96895110473322,False
2021-04-06,35.21852681284016,7.327223410718168,68.53402304438328,False
2021-04-07,37.46119602440549,3.044250641673048,88.07184577996651,False
2021-04-08,37.24806727079593,4.525023517860787,54.2553991926798,False
2021-04-09,36.44310260135983,5.58849699988057,66.90761062001239,False
2021-04-10,34.842344481034054,0.8305447212723356,40.46076048338416,False
2021-04-11,36.475925135036434,2.581600914155949,78.01590478762881,False
2021-04-12,35.45717693487307,6.361510225116708,41.97045047520912,False
2021-04-13,36.73386687931468,1.203469109641512,65.87779391055693,False
2021-04-14,34.962841132143865,8.980366198497904,65.80046889200908,False
2021-04-15,34.07708522745357,2.473617832135941,65.79219214637766,False
2021-04-16,38.454605858967824,1.2816439329233775,46.138739151117655,False
2021-04-17,34.272404266500665,2.9984183218135763,54.6816556854205,False
2021-04-18,38.44233269167832,4.924063268100151,50.51450951201858,False
2021-04-19,33.30360094326628,5.376109429503274,48.57542194124069,False
2021-04-20,32.60953557461417,1.1671054020215794,81.54868379637347,False
2021-04-21,32.22002500234698,0.657663474430255,44.70271463227282,False
2021-04-22,32.8681813239479,6.462401148928463,77.67499909644471,False
2021-04-23,35.84561030758547,6.285151290799424,67.21778898949886,False
2021-04-24,34.94918659527793,6.074828713391395,54.6071382819574,False
2021-04-25,37.173895182463895,6.182931817658494,62.24210658608582,False
2021-04-26,36.39608616144471,4.63508536518427,71.34061922492509,False
2021-04-27,36.23520341769389,0.3606022906718161,54.47933445433457,False
2021-04-28,35.20089064822744,1.3887829060748578,42.2944233576725,False
2021-04-29,32.68286758693366,1.4572485301609568,72.92378036083119,False
2021-04-30,30.1930057339207,5.964139875690794,71.61708244890633,False
2021-05-01,34.1624829414169,4.19991825140172,88.65812760164089,False
2021-05-02,33.82009517435334,10.16094887345162,72.47735103042388,False
2021-05-03,34.62907270742156,1.498817367229967,87.45139974109058,False
2021-05-04,30.993813881407743,4.344026348755136,68.59726075733779,False
2021-05-05,34.135369770893604,3.0597274288816974,40.10465809522699,False
2021-05-06,30.35108258737403,4.984761724060938,45.217999138034834,False
2021-05-07,34.86036708047444,3.669052079167247,55.33476622331948,False
2021-05-08,32.44993857275053,8.747341942978835,69.07712129813311,False
2021-05-09,34.7307271661656,9.835879438224648,72.30702754625756,False
2021-05-10,32.24917732312698,1.340199626795294,46.0025265099303,False
2021-05-11,34.44725293343381,5.767708614039135,51.441117569897024,False
2021-05-12,32.24959759566328,5.414478677478249,78.88602267866263,False
2021-05-13,34.778459603211815,0.1610405986233562,65.66176855788505,False
2021-05-14,33.592450243297975,2.723065655412016,47.871916630219786,False
2021-05-15,28.41818549762136,1.54434219700968,50.52016491791021,False
2021-05-16,32.023840448133086,9.09808546775717,53.05828881844016,False
2021-05-17,29.168625077472875,1.388792840056518,46.093193547328354,False
2021-05-18,30.103180190791672,1.5326537265148763,43.00243671723843,False
2021-05-19,31.19658842898937,3.7980004424704816,78.60693775658676,False
2021-05-20,33.9722482180099,1.47602107131889,82.04849860845405,False
2021-05-21,30.273392028254488,1.6055391450461207,54.67881158694794,False
2021-05-22,30.37071492755437,4.314131466302036,57.122158268774015,False
2021-05-23,30.92763397644307,4.622923523029152,47.52423503837069,False
2021-05-24,33.20871035401136,1.229549255343606,61.403500644149,False
2021-05-25,31.582188295969456,6.958102058785012,85.8645153398752,False
2021-05-26,31.480591021850607,7.549633980322986,84.9112590022082,False
2021-05-27,28.090733225319287,5.831126256650098,43.0324583912644,False
2021-05-28,32.69622165574183,3.324581011215576,68.04432372173352,False
2021-05-29,28.93037519406871,5.191732056601836,45.85174788246204,False
2021-05-30,30.86155160791388,2.932964194389512,64.44090235209728,False
2021-05-31,32.4305739698186,3.4684125108024157,67.2696802851647,False
2021-06-01,32.77155075870626,4.354314278392045,45.35233038268871,False
2021-06-02,30.499293324568413,3.155677461098826,57.99724035062077,False
2021-06-03,29.152262683856414,7.55168703559463,46.03116000239974,False
2021-06-04,28.78661498950711,1.6463995010757742,69.20698271072139,False
2021-06-05,29.078492753475825,1.2753624786272135,63.62955176891332,False
2021-06-06,27.77053513870577,3.4118938204389404,44.79123990542168,False
2021-06-07,27.78621732930072,2.5548367614582235,66.04735720895079,False
2021-06-08,28.549424160304447,11.406555984632549,60.696545650747936,False
2021-06-09,30.011202793538605,0.8794740060392433,51.43834356486349,False
2021-06-10,30.872390999375455,4.559148708189385,86.79571184614045,False
2021-06-11,27.453767500229464,1.1291610592293295,42.2903227206777,False
2021-06-12,24.35225877092529,5.40782368504177,41.74058478074231,False
2021-06-13,25.175788778850176,2.2662024850108704,58.47507230706759,False
2021-06-14,27.86252292319643,4.131374947143541,61.03929815923159,False
2021-06-15,27.880870059480245,1.2474789337728074,66.14530504092913,False
2021-06-16,26.974244262691997,3.3566454564664325,81.26996982050457,False
2021-06-17,23.872731630824127,4.989403557476816,45.55224219160436,False
2021-06-18,26.228766612202755,3.7134549614319288,49.89695018626766,False
2021-06-19,26.07412112391776,4.446720508152364,79.8501308720413,False
2021-06-20,29.20316292728305,1.7130697066006362,58.370076635811856,False
2021-06-21,25.26381877718477,3.3008733136209774,61.92840647632349,False
2021-06-22,24.519044371274862,1.9817792490606283,78.26832991058882,False
2021-06-23,29.881721681704555,4.507221309157308,52.76600219001602,False
2021-06-24,29.106325502595965,5.202632982399521,86.16099986290445,False
2021-06-25,25.43060901280402,9.683627800035472,70.35101100828446,False
2021-06-26,27.145596484693517,3.2755187076886587,56.424924075976605,False
2021-06-27,27.78151346910732,6.03353292781764,82.42800961511642,False
2021-06-28,23.407308053361877,4.53738830172581,89.59464490561683,False
2021-06-29,25.56011259621094,2.9035710481759063,69.50141572685831,False
2021-06-30,26.14726195786149,3.393500228157239,89.16727358052954,False
2021-07-01,22.417266608514087,1.6925163193332131,80.61784625716102,False
2021-07-02,23.87984593009332,5.328302894305843,58.42498322111122,False
2021-07-03,24.76081627314405,1.7542779827326964,51.030375382359765,False
2021-07-04,21.35499179919727,11.483940890792766,84.45616390087932,False
2021-07-05,25.724249975418765,3.585687964939661,43.291953468088806,False
2021-07-06,27.071811599705487,0.2829648501747289,85.83972801078421,False
2021-07-07,22.73788856150128,12.849752942649262,65.92534675168525,False
2021-07-08,24.74622076934882,1.3715402588927996,83.86735652780553,False
2021-07-09,23.34149760219062,2.281250891342178,84.86422888709816,False
2021-07-10,22.672388335324133,2.7720591064905484,47.72303123192519,False
2021-07-11,26.967426530480864,2.738015463138421,55.05352148855951,False
2021-07-12,20.86332701908197,7.00702590586987,56.54104395111669,False
2021-07-13,24.456968537944245,2.814643796530241,45.97242852560112,False
2021-07-14,26.030703842793088,0.7009703017200496,45.41193183001829,False
2021-07-15,19.52956123221425,2.089315272740073,41.75709440238702,False
2021-07-16,19.841176789882425,5.082206984369898,70.29080838305589,False
2021-07-17,20.89532749111702,0.7304982920151256,68.2713289458691,False
2021-07-18,21.236278150717023,1.1588296861878398,84.91576261023224,False
2021-07-19,23.247483647144275,3.5276029280134136,70.20075482648708,False
2021-07-20,24.213483651177672,0.8832060472561775,70.28500680113476,False
2021-07-21,23.052105253570744,2.6436388625608664,84.7574694856105,False
2021-07-22,18.14026252794373,3.2768851411652284,84.90973542385998,False
2021-07-23,24.16421905860977,7.407980326360545,71.72783660306558,False
2021-07-24,23.49755742028582,10.621263903653444,79.72880365478981,False
2021-07-25,21.440148699177627,2.5211639565755464,44.62294579041253,False
2021-07-26,20.51782931503596,6.912416679921877,68.81603778992697,False
2021-07-27,24.910301285841605,2.1201454680041056,84.01228308516367,False
2021-07-28,19.63267571399629,5.173252872240281,88.35434160152246,False
2021-07-29,22.640612968008284,1.6384554263270552,56.495111940342326,False
2021-07-30,18.66601547747972,1.2585706716584326,60.03961196133314,False
2021-07-31,21.960100758009688,0.86113330798214,79.23018807626073,False
2021-08-01,21.249967724582483,5.781743466274648,73.08614091492184,False
2021-08-02,19.352157388728944,1.0514159637235052,62.53278629208701,False
2021-08-03,17.048254181030142,1.903791190703301,55.02561045708782,False
2021-08-04,20.21498814739773,2.2118375967104984,44.30232277926862,False
2021-08-05,18.52962033661734,2.8736978296547013,51.33014198389044,False
2021-08-06,19.50392551578725,6.456374006129447,87.82997329672855,False
2021-08-07,21.371395231334848,2.214580586811233,43.88077891116785,False
2021-08-08,18.8642788375708,5.908721008850643,77.60996479572333,False
2021-08-09,17.194596411210608,9.020597961575946,87.57086588387092,False
2021-08-10,15.779754740753908,5.534128362876104,89.079531654095,False
2021-08-11,18.15046881140381,3.707169824312589,83.20796516717195,False
2021-08-12,18.94911600884113,0.4624987469571653,83.0555233460797,False
2021-08-13,21.414729399267515,0.6643953193062373,48.077216471443286,False
2021-08-14,19.6071621251468,8.049721364852825,83.89308188581073,False
2021-08-15,15.23317128802389,0.4647986954171109,59.94218610716147,False
2021-08-16,19.49658424636291,3.231164610214972,67.4094873626918,False
2021-08-17,19.25705186714952,1.8434720477694664,89.04537327174454,False
2021-08-18,18.6838145141105,4.172988386159285,42.256058185021615,False
2021-08-19,16.34779909797774,0.7858473979366278,52.46391298752368,False
2021-08-20,19.85963013596785,4.949428175401293,72.05831931434281,False
2021-08-21,16.648252568539927,2.098868557101645,86.87195415240504,False
2021-08-22,19.740711557325927,2.633863665572115,58.34595055024966,False
2021-08-23,16.74129944460748,3.8854124452593615,54.089748264767096,False
2021-08-24,19.118372541313825,6.399814766518603,85.59505174610157,False
2021-08-25,15.815083960322324,11.407390443993949,54.89027323734802,False
2021-08-26,16.26144582913528,12.949243207809404,62.53979680025803,False
2021-08-27,19.78685527499608,1.6611709341521663,44.19359501911762,False
2021-08-28,17.35273123400808,5.30894186874832,42.273849717041806,False
2021-08-29,17.068550432944356,7.795385075558385,43.879201914963474,False
2021-08-30,17.997430421737654,4.695394871329537,69.8325177219158,False
2021-08-31,18.064537245504223,5.245862541620445,53.04658700246164,False
2021-09-01,17.38016794953634,4.477539340386335,70.19259175094396,False
2021-09-02,16.34702625110478,7.602325015741216,64.11379999347918,False
2021-09-03,17.091031664270712,9.606549720638371,73.61537564304865,False
2021-09-04,13.991156599303306,0.2007674241294596,49.63976505785022,False
2021-09-05,17.554541850473548,2.022223675114916,86.27118574751313,False
2021-09-06,13.865112378063024,2.793448496494679,50.559625388455686,False
2021-09-07,15.7433606295314,4.492737852887766,89.003870548013,False
2021-09-08,17.582468161432963,1.6440219494432335,66.91632303980045,False
2021-09-09,14.908480285001204,1.4600605295068232,62.76973958444348,False
2021-09-10,13.158371336904969,0.2360065735846328,58.67263876033725,False
2021-09-11,14.193816633814382,8.65966966553457,74.6337722529783,False
2021-09-12,16.858532009235194,1.3358379440076984,45.72249799084421,False
2021-09-13,15.582470641153073,2.567672054679735,83.36802796473688,False
2021-09-14,16.029227635017584,6.3364580349643065,50.26223565195977,False
2021-09-15,13.413445778860904,6.9589451885704685,53.93773686547534,False
2021-09-16,15.366977727043809,8.469242616758642,79.46214302730249,False
2021-09-17,16.35583033056634,3.588509607073831,56.504655765269845,False
2021-09-18,14.972560314575778,2.759591079056678,64.85578207188804,False
2021-09-19,15.213607298808508,3.3087635739451056,73.67873666221622,False
2021-09-20,14.289973450014957,3.59160346998185,63.65204647153923,False
2021-09-21,13.943601616122873,2.569189907125325,73.68269835901285,False
2021-09-22,16.59092485925835,6.932773549530213,67.68600629197721,False
2021-09-23,15.988360544506364,3.518955045903565,44.88911044920508,False
2021-09-24,13.4721655268902,6.934022426996216,55.95197574932766,False
2021-09-25,12.488316134511257,7.561596428814314,88.24944181698854,False
2021-09-26,13.554044708056038,3.8859369937844064,81.54880957395602,False
2021-09-27,16.173985294173384,7.397607639351733,52.39873725562685,False
2021-09-28,15.185043006166923,4.905588166671872,87.1918089669033,False
2021-09-29,16.564683305643513,6.464106176769166,86.10525073103128,False
2021-09-30,20.785639246090163,7.658465638121052,54.190482034408944,False
2021-10-01,12.34401509920358,0.975216438460425,65.9812450274036,False
2021-10-02,15.579071521243804,1.5010449617413175,88.12235264452409,False
2021-10-03,15.45347343150703,3.218144589741701,85.6333290970954,False
2021-10-04,15.482820864566122,2.3564018051629123,52.18371508024187,False
2021-10-05,15.82595933024372,4.101783834522488,61.372944465805006,False
2021-10-06,12.237280304142493,2.048019013985401,57.23374208815011,False
2021-10-07,15.7167225476294,5.957178905647745,62.44236675329715,False
2021-10-08,15.396041365303958,3.703706451490508,77.20436619264598,False
2021-10-09,14.207322838096069,4.314058467578277,71.81080782565753,False
2021-10-10,16.11964225547813,4.652546241221546,55.3849332764498,False
2021-10-11,17.22539941427859,3.8270591224954864,88.85223513252103,False
2021-10-12,15.720651955365414,5.215066736294897,55.5731945752881,False
2021-10-13,15.331218455999386,2.7006971359828342,44.55467056835551,False
2021-10-14,12.5912319159376,9.770558966613343,84.8815565946012,False
2021-10-15,15.939822485765731,2.530273497330448,72.47345819267821,False
2021-10-16,16.70625552974125,1.900750960178488,57.12381199085688,False
2021-10-17,16.936998112993248,2.424772139637973,69.91163854983522,False
2021-10-18,18.51448073719837,0.3589014547335937,47.880730838688265,False
2021-10-19,17.54164538240872,4.371398305535276,58.38077811819634,False
2021-10-20,13.974101370089654,5.6256028623357714,79.49477928321913,False
2021-10-21,18.26768879476125,2.9288312261228797,79.55023784833233,False
2021-10-22,15.874947737047268,5.65345087093946,87.18976548804265,False
2021-10-23,13.507961981126698,3.927524377979984,62.70368112678172,False
2021-10-24,16.017626538251825,6.973471766942123,75.54235781387183,False
2021-10-25,12.285070886846674,3.327377004121827,52.895174540391615,False
2021-10-26,17.212373833721767,9.514299808903424,66.17692069946122,False
2021-10-27,15.713549018427257,5.681582272292833,86.59711310169838,False
2021-10-28,12.110888093657742,2.6121318578893384,54.92863423548229,False
2021-10-29,17.348099761355307,3.686097729602466,52.49331603829731,False
2021-10-30,17.748940111887446,1.3068665334948055,64.31049064945636,False
2021-10-31,13.565043503338211,3.287017892548495,80.82653076046722,False
2021-11-01,16.997294768060804,2.2036032887206662,84.56907603964763,False
2021-11-02,15.70306307408739,0.8448181938299245,51.34909571799116,False
2021-11-03,17.05061941934405,0.8476824238442188,40.47471691274559,False
2021-11-04,15.74242215059499,10.722277598685077,88.02374946543175,False
2021-11-05,17.80828807628279,3.444240656702948,67.56473451020878,False
2021-11-06,19.74130631938965,2.523447412052055,46.0096005763661,False
2021-11-07,16.948851486496793,7.466024092944605,72.04822821049582,False
2021-11-08,16.603528300868653,2.232197304030337,86.8941565205224,False
2021-11-09,20.113656698341405,5.8460701138932905,82.01361718353112,False
2021-11-10,17.8697370456768,1.722163527848117,75.7305325378546,False
2021-11-11,20.70424648600644,1.957821498857316,41.88773352627786,False
2021-11-12,17.25033118701765,2.877516802485026,55.79371066780464,False
2021-11-13,19.59249800074538,3.802481654416381,82.5687364670329,False
2021-11-14,20.346005456413984,0.4212492692032277,41.61643176503829,False
2021-11-15,17.30119707942177,5.590393762871472,54.54765056214615,False
2021-11-16,17.444665875304082,7.194537639918305,87.31913045486067,False
2021-11-17,19.69098212298704,1.557859911636069,47.283871873835366,False
2021-11-18,17.593971046048072,4.275764252474669,68.02008889978795,False
2021-11-19,17.28464068077731,5.290003530826394,65.74564827957236,False
2021-11-20,19.564326745544,1.6998358803609008,59.66027151003191,False
2021-11-21,19.724492205249994,0.908282172204356,53.77318668457372,False
2021-11-22,19.924882411220697,2.5939441087207435,64.35296670622803,False
2021-11-23,21.77169648659164,3.261680658832379,81.92742643591606,False
2021-11-24,17.23731867196255,4.278406032904612,57.89846904346146,False
2021-11-25,21.01637157331883,2.1913160812692047,62.1729246272741,False
2021-11-26,21.382877302417945,6.66683947106498,83.95503417086928,False
2021-11-27,18.604763675298752,1.3237467215657386,84.49478421883637,False
2021-11-28,14.989597244951328,3.3056314538918734,55.15758480246399,False
2021-11-29,19.90401115066756,2.4270665188737985,89.64824229282122,False
2021-11-30,18.842662334629143,0.156211875935572,54.79088805001735,False
2021-12-01,23.556341993371504,3.006853161861971,61.51320538605181,False
2021-12-02,22.7173507300016,1.316332208501516,89.16208070437638,False
2021-12-03,18.69969646172513,1.6258147326370882,60.25151961150336,False
2021-12-04,19.381879088506125,2.7825585730769804,70.2811381299657,False
2021-12-05,19.117824347750357,3.2838943301029446,84.49488551739793,False
2021-12-06,19.916594714565985,7.7936690588300195,78.86932503310784,False
2021-12-07,22.061533423639883,3.827159092557596,79.00626233571725,False
2021-12-08,22.30410100350625,5.054039287833146,75.9413507411497,False
2021-12-09,21.192453208333827,3.964497897798347,60.64982385446379,False
2021-12-10,22.39387112422955,4.881554275983915,88.14277130547774,False
2021-12-11,22.19541531161976,4.528734691581162,55.61827418063303,False
2021-12-12,20.14478362994534,5.788161679184429,53.73022909006082,False
2021-12-13,21.99958564633617,5.272567537011695,50.19872041525238,False
2021-12-14,18.81560115447241,5.079631900794084,63.25778701073533,False
2021-12-15,22.29425773277588,9.357176686923214,55.27270000543445,False
2021-12-16,22.79709237989097,0.8703446166592582,56.25558202350399,False
2021-12-17,28.015543462920608,2.2586329306630737,77.04967680953229,False
2021-12-18,23.59299483284732,0.2387767029648272,49.74515889526484,False
2021-12-19,21.379062772151578,1.0997530563463698,44.47072881076408,False
2021-12-20,23.74437636297135,4.305721357147579,72.76933829165984,False
2021-12-21,20.48558580961953,3.269381969987689,76.67661777249916,False
2021-12-22,24.61737232331008,2.172262182941964,89.46084976932562,False
2021-12-23,26.531517117359552,3.788429087714944,77.78672634141267,False
2021-12-24,25.20028186388774,3.383238961173604,72.87730264989452,False
2021-12-25,23.431745387949512,1.99626999080505,55.114050266111335,False
2021-12-26,24.486830920931467,5.923323011507352,81.11789330515612,False
2021-12-27,20.803148125936683,3.1392439749066274,82.78215533610779,False
2021-12-28,24.267290921447472,2.943781735937052,74.11695101000143,False
2021-12-29,24.59841488466443,2.852044282987467,70.78017003637974,False
2021-12-30,25.830800194974685,4.076519207600299,85.30400987397084,False
2021-12-31,24.50129061359661,3.63797379326122,52.28894051503291,False
2022-01-01,24.943072828204063,3.735683306608333,80.67805997975921,False
2022-01-02,26.100619818206606,6.49592091727785,51.98922401391734,False
2022-01-03,20.58489480974065,2.185919351372544,87.09012650309083,False
2022-01-04,23.390689830653542,1.16592977114885,64.05095064902582,False
2022-01-05,25.83016618716623,1.9414101334149712,40.01410825630263,False
2022-01-06,27.963217046568825,3.3316851726777905,53.93722330289158,False
2022-01-07,26.32131545319822,3.177898682285025,80.21968817846007,False
2022-01-08,26.611581311328514,1.735744611082765,44.83361847414815,False
2022-01-09,25.893845670122552,3.625973678598076,85.41960199080364,False
2022-01-10,26.90450953470192,1.3242526241936543,78.26817407888481,False
2022-01-11,28.14087816980981,8.393331844842837,75.5314587706743,False
2022-01-12,26.677415795565064,8.268453702447259,79.72976921187637,False
2022-01-13,25.868638409852327,2.730633609831865,87.55748807447367,False
2022-01-14,24.05063428909521,1.911894580580874,74.58503347488659,False
2022-01-15,26.52261802845162,7.405011203583431,57.234976547937286,False
2022-01-16,26.834672683955723,8.776794161179325,80.61517145357558,False
2022-01-17,27.635893983642013,6.224888225630972,45.55125973306994,False
2022-01-18,25.310579021744008,0.8458208263831257,51.17212795719299,False
2022-01-19,29.650016165428923,4.077887938780199,43.58584434917676,False
2022-01-20,29.007326735436987,1.826791743599952,68.7608604054377,False
2022-01-21,27.403577164695864,0.9918905511313596,52.955306764940815,False
2022-01-22,26.522003162419814,4.081060333166676,41.19128424987976,False
2022-01-23,24.393307110390666,7.853170095754852,77.65301466876909,False
2022-01-24,31.301793879083405,4.741939035569839,88.14783177367829,False
2022-01-25,29.433160699217844,3.645884739164412,47.67568758930559,False
2022-01-26,27.476230870371943,2.891315547420729,54.50033739277276,False
2022-01-27,34.81935786562313,0.5452870485567312,88.13823539494254,False
2022-01-28,29.35507899483668,2.981515516477704,52.31320401350135,False
2022-01-29,28.551644352943377,1.691980371992987,72.39674028206366,False
2022-01-30,29.28127449805515,2.826618833741921,50.45633562879745,False
2022-01-31,30.05314678461671,3.391765772423215,69.35945080619854,False
2022-02-01,31.59233059622597,1.2903346267911184,68.19116407223044,False
2022-02-02,33.08654184072907,1.5784503807415438,68.86477724860401,False
2022-02-03,30.271830485633007,9.923519150203925,62.14210637522878,False
2022-02-04,29.909043545007837,2.345010221295195,68.03399683853142,False
2022-02-05,27.529310208318755,2.096785188945095,47.22215001944665,False
2022-02-06,30.62889435670738,6.204000941264733,48.02978414300161,False
2022-02-07,27.70589922505455,5.30637858670855,82.2552252027754,False
2022-02-08,30.928031406688817,2.3242798850313635,43.00965284666439,False
2022-02-09,28.086719825704044,3.880792417534576,84.17016882952039,False
2022-02-10,31.008584209300597,3.0916530580244697,51.55897872940172,False
2022-02-11,29.303366820676523,6.063017333194946,80.16591218609591,False
2022-02-12,28.798658931582278,4.092838887298417,85.97028488703069,False
2022-02-13,34.07435124735692,2.689978239425609,73.08713545504102,False
2022-02-14,31.472320292162088,7.70210753742915,66.21025049737992,False
2022-02-15,29.709734522630864,1.7447897688606673,80.3707504969098,False
2022-02-16,32.04908061510922,3.618085555215764,45.15694556067562,False
2022-02-17,28.698189107977814,2.653187818795519,49.0601187761082,False
2022-02-18,32.431720361552784,14.445665905451518,82.80547493445152,False
2022-02-19,30.72699083671846,2.197976759566611,49.56460172031409,False
2022-02-20,31.783147257367343,10.829670613476033,64.04443489330691,False
2022-02-21,31.39066874006832,4.153026850473303,75.49538677919494,False
2022-02-22,34.73651957416929,6.429304535073245,72.20459711660267,False
2022-02-23,31.46517219576033,0.989976563111062,83.52378943144438,False
2022-02-24,30.26727753143604,10.813806742798851,47.71914468725192,False
2022-02-25,33.458820355262326,9.068718156458711,73.13135658898784,False
2022-02-26,32.13481135459085,4.936231353084556,45.69421946363518,False
2022-02-27,27.459276260594507,1.914276129214954,78.29933169915233,False
2022-02-28,37.66496849452589,1.935844810731277,54.58362082040488,False
2022-03-01,30.433054236786028,6.46102335973813,57.80600946206631,False
2022-03-02,34.75087262984034,1.4654737897012509,41.90225078996675,False
2022-03-03,33.004123880433255,2.5794560103870574,83.69162207923299,False
2022-03-04,31.475273378670188,3.6129088932284414,55.80772125612663,False
2022-03-05,31.877869589666396,7.5335261442836465,60.35634398599542,False
2022-03-06,31.995801776348884,7.2696373411531745,59.79702906034008,False
2022-03-07,34.9111860027273,2.612526792222376,40.77355604802797,False
2022-03-08,36.7914158102353,3.666379376309137,47.27647308655335,False
2022-03-09,34.201709085467385,3.703376919939887,76.45274968475965,False
2022-03-10,35.40295797462049,2.8922404362502454,52.07335190264798,False
2022-03-11,38.506920247493824,3.856495723678622,77.68809168065428,False
2022-03-12,32.37252892691984,4.239298245682161,85.5057163199706,False
2022-03-13,33.255959208244555,2.470788637214963,85.76431807750633,False
2022-03-14,35.52670240891529,4.288290273125185,65.84308847931436,False
2022-03-15,30.33741391900886,3.58664330760344,89.51827639457309,False
2022-03-16,31.266658764760816,0.2535436470523791,84.66283204590485,False
2022-03-17,35.28493241247937,3.8706119849798113,79.97778609426517,False
2022-03-18,36.62231478876642,2.9390057482796847,61.81338946634514,False
2022-03-19,33.08086029053311,3.812303227989403,61.23651047260024,False
2022-03-20,31.11622559161402,2.290824134465547,53.40581526371496,False
2022-03-21,34.69600077137242,3.8232763296760783,68.77679692742075,False
2022-03-22,32.80690057692618,5.0441423084559736,56.64731565661355,False
2022-03-23,33.78349302576645,2.965449816738299,89.430710477086,False
2022-03-24,35.59820905556638,8.845992061562418,63.32462722343634,False
2022-03-25,36.85150436066305,2.943955556903457,57.54087178275941,False
2022-03-26,35.15430521222996,3.773150008681719,67.827733602657,False
2022-03-27,38.3565842430559,4.661023390510798,65.07609674841726,False
2022-03-28,35.20963454211629,6.22974415763506,70.44697947467468,False
2022-03-29,32.960806547989584,6.423766348742241,46.18436954989994,False
2022-03-30,34.308630568353834,3.9291275879119554,81.22655563237403,False
2022-03-31,33.41909717097859,9.177895313896745,52.3632976427936,False
2022-04-01,35.30332563400422,1.708825233857427,56.61874134868799,False
2022-04-02,38.71950786452254,9.252144409432022,55.23123748942583,False
2022-04-03,36.337003548529246,2.051302953165165,48.92636329146944,False
2022-04-04,34.507711297747285,2.697441381949923,75.64257758057812,False
2022-04-05,36.51441629781971,1.682804902158045,61.82676387850625,False
2022-04-06,34.88773364389162,2.1461213602814477,83.53453663192799,False
2022-04-07,36.26298391293345,6.883881402670815,51.00882312051839,False
2022-04-08,34.77503979754826,2.336850922637163,54.81985460917559,False
2022-04-09,34.83939328671144,3.9859268457784176,54.31760671710877,False
2022-04-10,31.392018427421466,5.160359648784411,68.78517676358823,False
2022-04-11,32.90839774459824,2.7404651761737915,79.81336510364079,False
2022-04-12,38.500722439755954,2.9348344741141266,56.51017713577978,False
2022-04-13,35.91083816069333,5.400669709017044,66.03401941837379,False
2022-04-14,37.06076937199675,2.5141985304385144,71.04571412191198,False
2022-04-15,37.262256709507625,1.5345350452299953,83.12999219847808,False
2022-04-16,36.67768300965608,5.242763523152259,59.73427306505363,False
2022-04-17,34.70852140504427,0.72345030971439,79.82857311104135,False
2022-04-18,33.65074735502272,4.199210428099121,63.80910908608372,False
2022-04-19,35.17543303882642,8.79679071226326,88.98426301064923,False
2022-04-20,34.872695868973,4.01009935848903,83.65415692956151,False
2022-04-21,36.51504236524961,10.191494539988328,52.03096307973311,False
2022-04-22,33.42727261559734,1.0255373182513128,40.08124018785802,False
2022-04-23,35.18095719901773,1.0180270433322989,41.31455174900773,False
2022-04-24,31.368701965747807,1.267859214477137,61.60001979884645,False
2022-04-25,32.5219779594217,6.683448570946625,44.55145856833382,False
2022-04-26,34.43740292104366,6.724400003824804,45.63025100650582,False
2022-04-27,32.303857921943376,2.935567859757115,51.01762103997814,False
2022-04-28,33.918794498631016,6.208929594382699,63.697288394006605,False
2022-04-29,30.551265491468445,6.1726572949126615,65.64687581463286,False
2022-04-30,33.91980262966965,4.810740333846117,55.90852515265991,False
2022-05-01,35.983678790637875,0.3141176623626905,66.53757750793253,False
2022-05-02,35.315474398240305,1.9786410744933425,87.99703220081031,False
2022-05-03,33.11418746157782,5.226067654867502,63.814269781802295,False
2022-05-04,32.526702417905405,4.532035036325606,81.55296910759553,False
2022-05-05,36.443848800582366,5.875922289924992,68.19216033237173,False
2022-05-06,34.07154400948741,5.2960226285801575,64.56899507853933,False
2022-05-07,35.664546070111435,0.7499778171313591,54.70538277404635,False
2022-05-08,32.22593182561787,7.673191680373194,78.68596538367066,False
2022-05-09,34.28384571778808,9.318174094355994,53.31539821883501,False
2022-05-10,34.35269005080455,1.0101251560873914,48.20925418413884,False
2022-05-11,34.12867851680118,1.6125845233286111,42.38914274361373,False
2022-05-12,30.65114633274992,9.167111644604912,74.92991651637288,False
2022-05-13,32.78886753356718,2.363739469089912,50.6073967301146,False
2022-05-14,31.266839979515098,5.727962457885435,73.92166397687676,False
2022-05-15,35.11669125961702,4.943126079020218,62.91377666769292,False
2022-05-16,32.936134469798496,5.306889737445126,61.62599818485906,False
2022-05-17,33.55975668463329,0.9996271464271974,62.27893871248104,False
2022-05-18,34.91029418655703,0.290938593889983,48.52574221327717,False
2022-05-19,30.71197545810926,1.2431658184301706,68.07603436571458,False
2022-05-20,28.856169531571695,2.6886082655101595,55.13774198065359,False
2022-05-21,35.15244317050576,8.594638227484847,67.80473177771903,False
2022-05-22,32.15578215198755,4.267613924362106,72.080075675782,False
2022-05-23,30.94904082063557,1.0618666705616493,67.32612781763888,False
2022-05-24,29.969780152701308,9.616647619890404,58.34124549279512,False
2022-05-25,32.58991830669594,1.659985075292136,43.032724435987625,False
2022-05-26,31.30783148863366,1.5752009961784093,50.175045756674834,False
2022-05-27,30.42956237476365,1.3448745729749114,64.22526240360062,False
2022-05-28,29.787342088792027,4.622053614092176,74.06177263612099,False
2022-05-29,31.277552567952743,5.82127395357133,59.26718924607715,False
2022-05-30,33.37326676753957,2.994405710821549,54.42511144600388,False
2022-05-31,34.138368256226926,9.785367368766195,46.80147832035549,False
2022-06-01,31.950267351104348,0.5635326750376389,75.64101392553583,False
2022-06-02,30.699614912370112,4.434896822926954,86.03100276159324,False
2022-06-03,30.315480705008248,2.9690089662626447,77.09740237406575,False
2022-06-04,28.189617403872333,2.1116552487843285,73.57684600085956,False
2022-06-05,29.42078767492725,6.1003403999590535,64.34876401490553,False
2022-06-06,33.036853491763345,4.323008428046824,52.98406198392316,False
2022-06-07,31.798484711568683,5.49853425713803,81.50207431926884,False
2022-06-08,31.748877034373347,5.033903974883453,50.44148567470036,False
2022-06-09,29.74745693510688,6.1459540926782,70.43654344101269,False
2022-06-10,27.0879410203617,1.957441267871997,67.94467096509302,False
2022-06-11,28.890370695127807,13.877894644070222,49.36529335657245,False
2022-06-12,26.917848355796416,1.3409393695090552,50.30859031498013,False
2022-06-13,27.09450511071781,7.55436044206589,66.85629789359379,False
2022-06-14,27.18820599455823,7.38514530188618,77.75816890754062,False
2022-06-15,31.39618074804333,7.166644034577523,48.448251345010455,False
2022-06-16,32.201176371453684,1.0533787793733005,87.85622435052686,False
2022-06-17,28.23948547737815,3.82999465915413,53.57959894545753,False
2022-06-18,25.339493201083496,6.696846515184633,87.8031639715582,False
2022-06-19,26.253979504670284,3.195634019300453,51.67903702947244,False
2022-06-20,29.433953699325155,2.756560185655001,67.60714279989466,False
2022-06-21,24.409563770871063,3.373165968750256,61.39810500138405,False
2022-06-22,26.80918921978189,0.274601681299418,80.39462756725166,False
2022-06-23,23.92826972406242,4.108913230754492,77.41934280512665,False
2022-06-24,22.82580421393323,2.829641815432065,58.77242842018558,False
2022-06-25,28.72015592302641,9.764422171850873,47.11160599090968,False
2022-06-26,24.82234121401661,6.734745420298808,63.95806239270438,False
2022-06-27,25.687858664296527,1.6129623899461651,80.50882976038955,False
2022-06-28,22.081994835779195,4.59420012968371,44.40214745110061,False
2022-06-29,24.05484844099926,7.2579130493972706,44.449332186536616,False
2022-06-30,25.563841748377573,4.90652725409367,79.84879443283425,False
2022-07-01,24.01606255915501,2.800727992847724,63.046888819299056,False
2022-07-02,25.634162916600083,1.707684483567128,58.939627598458856,False
2022-07-03,22.570081236858822,1.0326460760704088,61.05057870073888,False
2022-07-04,27.800159177015715,7.60269896200684,40.49919273437884,False
2022-07-05,25.68911117391217,0.4644313063250463,53.19494766320542,False
2022-07-06,23.014333752197107,7.163921940909603,72.97374407544615,False
2022-07-07,21.18345501219118,4.518887068211316,81.1245981763717,False
2022-07-08,26.483730505364832,5.722675397933844,87.33994688754281,False
2022-07-09,23.28223238685711,13.4390958610724,83.76289292480973,False
2022-07-10,27.13435015186453,1.09438758764248,71.35951055602304,False
2022-07-11,22.62966163860514,3.768256194565738,82.16041784927722,False
2022-07-12,24.306901529460728,0.9742631237652888,73.88705510715843,False
2022-07-13,22.22054957476588,6.211137496351343,48.085472199387176,False
2022-07-14,23.94427679582049,6.657447589155099,58.54970747082767,False
2022-07-15,22.08410459282608,3.3688970073061872,62.83493237438926,False
2022-07-16,24.2757969131698,2.2104621671115017,70.47167427290789,False
2022-07-17,18.49059583876761,5.233511121890375,80.47002815892537,False
2022-07-18,23.28248106722475,9.056333379073717,52.84417503715783,False
2022-07-19,22.39806215975589,9.150301820799177,52.23511199022799,False
2022-07-20,23.603257952035744,2.2671250083565,43.95238654647723,False
2022-07-21,23.5437141547376,2.633292822784031,73.87520191994219,False
2022-07-22,25.84954085912663,7.677861567655999,82.26426099793423,False
2022-07-23,19.800020336056125,2.2910259503341,81.25849010858892,False
2022-07-24,20.367288631028284,5.462954131268446,58.83608694264219,False
2022-07-25,23.897335489505103,6.792614847082543,65.43821300730956,False
2022-07-26,20.763248312920847,2.014447985564225,71.10496176137472,False
2022-07-27,17.78587576668423,6.766284851478363,53.64909448169082,False
2022-07-28,18.29697401555971,3.515509659350873,54.52065665190284,False
2022-07-29,21.07396900529793,2.417168555158205,72.81826221690011,False
2022-07-30,21.29728869211445,4.044470001419159,53.1434524379908,False
2022-07-31,16.600200344494876,1.0676951893431412,88.41646039257762,False
2022-08-01,20.778126532360176,4.608688730532788,77.8793712955588,False
2022-08-02,16.820451262703564,6.920957720997091,62.89970080314369,False
2022-08-03,14.85372953372763,2.9292978488826984,73.58459244443965,False
2022-08-04,18.84599949665209,5.74202377490804,74.1653647314895,False
2022-08-05,19.70291563656996,4.222488723447585,79.23190915007324,False
2022-08-06,18.25660592770979,6.3611263395038975,76.81001247969726,False
2022-08-07,19.812056988538256,3.90891774637704,61.3717853654566,False
2022-08-08,19.06326117705832,4.26561026009994,70.11999809844957,False
2022-08-09,17.193425601764712,1.0794931448504317,45.49593122933034,False
2022-08-10,16.58645668998321,1.9726073325460476,88.7024059525412,False
2022-08-11,18.83183623560616,3.467508627136357,77.98072889807409,False
2022-08-12,18.943470570620125,2.506916386528164,62.54609328897156,False
2022-08-13,17.601164456935997,1.9315509370487127,88.1984378239128,False
2022-08-14,16.23801177449614,0.6682387393373164,63.7342307809636,False
2022-08-15,16.09925812225949,3.405471515713776,72.94946453425584,False
2022-08-16,16.90126564056683,0.7797556545641391,85.44355811369368,False
2022-08-17,21.14392767298323,10.000582148694084,83.41196830456225,False
2022-08-18,18.93962234910532,10.8516697762019,44.678487546932544,False
2022-08-19,17.280210033909068,2.664768055434887,83.86685564764306,False
2022-08-20,16.579214326275224,2.4133964034898105,56.724132739550974,False
2022-08-21,16.86095383712803,10.417299843668369,63.150995762074224,False
2022-08-22,15.250494534777118,2.8962417583625037,75.19727254299679,False
2022-08-23,19.025880120232312,0.0623352815349891,81.23848419445048,False
2022-08-24,16.899789236833815,10.718962790630156,53.4958539803398,False
2022-08-25,17.88191163017923,1.5174997530666574,42.01833684754536,False
2022-08-26,16.896548778815426,10.62114786851393,47.39296880278651,False
2022-08-27,14.001888995989562,3.1410054762962005,73.81677255440141,False
2022-08-28,15.90499188546874,4.971403860407187,83.72346048134199,False
2022-08-29,17.099047354820858,3.095860051496899,48.8881381671428,False
2022-08-30,17.970105344608044,4.22706587583457,88.39545825301009,False
2022-08-31,14.01172548057484,3.548584077674128,60.79512633352276,False
2022-09-01,15.34497156667638,3.915428375052196,53.73452973895361,False
2022-09-02,18.91127084501897,2.3857207803977465,60.816613855668486,False
2022-09-03,16.721913638966157,4.801260209880679,42.7139368436162,False
2022-09-04,18.10557201667972,0.3160893463120499,80.82894496474341,False
2022-09-05,16.8648912736875,1.50038589655025,44.26441074540733,False
2022-09-06,14.254244426380351,2.0556976862763987,51.96996571755752,False
2022-09-07,18.19885694228564,4.213462356650373,64.08531643880829,False
2022-09-08,20.12774597304601,2.346496203471999,75.35045728861802,False
2022-09-09,13.240154272235948,10.123203277492884,41.50015818495406,False
2022-09-10,14.510586159480066,4.4488172446045455,40.12503254360757,False
2022-09-11,13.73364260554974,9.93484315443824,71.57040689839765,False
2022-09-12,18.44852107995552,1.7884738037659729,76.25927224171875,False
2022-09-13,17.7909383761864,2.8103741003008493,74.66702553525084,False
2022-09-14,13.751021152172289,16.568247153928333,74.36451612617304,False
2022-09-15,18.9451531134498,3.427467202034708,41.94762955456355,False
2022-09-16,13.348221456985568,1.7257373701181753,43.84540325371839,False
2022-09-17,16.876570645477685,1.507027080524778,52.80057304529226,False
2022-09-18,16.68973040490058,5.572004270029892,62.406180113748505,False
2022-09-19,15.099686102184904,4.627436711944186,57.28047269823054,False
2022-09-20,15.762796481629612,1.935615768812431,79.2639752637418,False
2022-09-21,15.234525906589504,7.484584123638913,84.76880107510152,False
2022-09-22,15.557401667861267,3.837711478430468,46.64927605703839,False
2022-09-23,17.98784494123351,2.22052806343672,82.42702164869092,False
2022-09-24,18.415112819383857,6.452939570623818,68.1892857236124,False
2022-09-25,14.763354022062169,4.061371207914565,83.45419392056498,False
2022-09-26,16.145410042382284,1.4749393664604007,61.13312955393586,False
2022-09-27,14.461040270702425,5.546117072623881,70.14105227075413,False
2022-09-28,14.2694589098449,0.5174379700794878,76.57134276701552,False
2022-09-29,13.601776084590313,11.438245913001694,69.27778865883268,False
2022-09-30,14.801798854973876,0.3783209414499058,84.68863064700697,False
2022-10-01,14.094968988059348,3.4988285997188173,57.90379711017523,False
2022-10-02,13.463679020502262,1.247071728217477,83.17160253421835,False
2022-10-03,12.563189226532105,1.894870591586941,63.07234808889559,False
2022-10-04,10.48308419440625,3.5948938691172923,42.41672115561298,False
2022-10-05,14.146966681764232,14.514445448037348,77.61038456515959,False
2022-10-06,16.002329619853427,5.395867662166813,85.75946265321112,False
2022-10-07,18.55410048754764,9.422736260919194,78.46164878243246,False
2022-10-08,18.316603481493903,2.327313662738914,55.80136532926462,False
2022-10-09,14.9353194745317,0.6942520978330567,78.9025672218663,False
2022-10-10,12.316658477198636,2.088996493630868,83.30130367949124,False
2022-10-11,15.074599548960151,5.025298141109696,73.88287512334315,False
2022-10-12,15.651888991348711,2.295559087065522,62.725777159678245,False
2022-10-13,14.321447648274196,4.288711052256484,44.729851274707606,False
2022-10-14,14.9874953911176,2.186525667940688,70.34395026742472,False
2022-10-15,13.857598198506052,1.1126520451360398,84.5889347048927,False
2022-10-16,14.93810055188426,2.9970805301766545,56.14474078476706,False
2022-10-17,15.076442740197027,1.1799334827220724,66.24034250160634,False
2022-10-18,15.422044287699713,2.56653865461494,48.28989262514007,False
2022-10-19,21.099911168062,8.997559578635238,83.2460162764207,False
2022-10-20,15.383870682576854,2.23915845036871,86.40653625003935,False
2022-10-21,18.41822130152507,2.204033841961849,46.66817049481556,False
2022-10-22,12.897051208883118,3.4486256696866358,78.19408495550732,False
2022-10-23,14.648939367573131,7.977570787018646,54.62324264235672,False
2022-10-24,15.870430136086982,3.215604481462301,46.81784550808474,False
2022-10-25,13.65507840708643,2.659687518250639,73.89294943047494,False
2022-10-26,15.112694725884486,3.3282257981240853,56.99085982400622,False
2022-10-27,19.013335199175447,1.7441830055458785,48.7801466460737,False
2022-10-28,15.528755368074654,1.620388656219459,73.412325762564,False
2022-10-29,15.19887197331877,1.9793484393792768,48.52492157972547,False
2022-10-30,15.436778348697072,2.346818345261155,46.05699044721444,False
2022-10-31,15.009172719644535,0.9432780101218238,71.68244099740598,False
2022-11-01,17.780361026627478,4.7145565814134605,60.71544999575207,False
2022-11-02,16.59319705343089,10.200089726820606,65.40498298924416,False
2022-11-03,23.649077055374853,1.894918516113616,49.07038279882523,False
2022-11-04,18.223703909253125,4.379874374761911,74.46455458600698,False
2022-11-05,16.738382188979514,3.808036709150073,50.70922605538195,False
2022-11-06,17.303731220864826,19.045120207647024,83.76868438739275,False
2022-11-07,18.82141566778659,5.417506596626112,76.52306966750862,False
2022-11-08,16.654125680290573,9.176353881271435,74.11524377320612,False
2022-11-09,15.61724968710067,1.9550936165987212,89.72430052107418,False
2022-11-10,16.36619316410477,3.3090733992492494,69.4939762043343,False
2022-11-11,16.054343043774537,12.97994033531442,65.9537429714579,False
2022-11-12,19.462952320590936,1.836631674553372,43.69382529323262,False
2022-11-13,19.263740515648497,10.14436050167609,49.745866698392696,False
2022-11-14,17.96539985594337,4.820750072283573,89.41022171555159,False
2022-11-15,16.114189630008433,2.147227879850276,88.1407523417548,False
2022-11-16,16.171200639462484,5.969871675326485,46.29471981563748,False
2022-11-17,20.56307939470961,2.608146900130717,57.952115082559246,False
2022-11-18,21.26608886414155,5.632810655676818,82.20816248236895,False
2022-11-19,17.461601159120256,0.532226322784703,89.42212802408304,False
2022-11-20,21.53102679494687,4.470216248034647,84.86635731382064,False
2022-11-21,15.42943359375086,1.9569384374925824,64.23131165607785,False
2022-11-22,21.159500451811702,2.240647351904673,51.531077851334594,False
2022-11-23,21.27303332935264,2.3733562050908104,82.58992595298972,False
2022-11-24,19.609921157540263,1.319580009170101,55.83326080469293,False
2022-11-25,18.55603164568811,2.432449198101185,86.69549753833127,False
2022-11-26,20.61693155073601,0.3867351564110858,78.09052135472008,False
2022-11-27,18.79260616358637,2.0241966407646115,78.02710473452532,False
2022-11-28,18.91017803951643,2.6157646291890075,69.48365456930823,False
2022-11-29,16.96991678916072,0.7052860364578243,62.5695405699652,False
2022-11-30,20.63725712202892,6.349710158453932,67.50399586793378,False
2022-12-01,23.50523508788872,7.834422349306402,73.61597126669973,False
2022-12-02,25.4728826095612,5.371675139719844,84.21620679903117,False
2022-12-03,22.0407300937006,4.6614710982485725,45.65031157789807,False
2022-12-04,20.81521218459629,3.664113515101424,82.03363350444164,False
2022-12-05,17.100389068769772,5.186213701091224,85.82651223903743,False
2022-12-06,22.00529372937642,4.28651329401215,87.6226478095241,False
2022-12-07,22.45487953109316,1.118538443184412,71.11066363508782,False
2022-12-08,23.27370905155914,5.9235889824903145,64.20362089352614,False
2022-12-09,22.327279903829726,4.1211593524896175,51.17328306293877,False
2022-12-10,23.54955067012052,2.322543639243521,85.29289272561014,False
2022-12-11,22.117062256673663,0.3965791427750131,45.15383741127791,False
2022-12-12,23.81564658667425,4.039251992745555,74.9481209244372,False
2022-12-13,17.932589606670078,5.485414059716104,57.83895062512781,False
2022-12-14,23.69170511037427,10.335134416951757,73.10381893660593,False
2022-12-15,24.091685417252425,2.7460203636494005,57.27384859289667,False
2022-12-16,21.592696797968504,1.6500675869659989,79.38731143552485,False
2022-12-17,25.01983648013116,6.416451579283756,54.43179848511112,False
2022-12-18,24.248894623364453,7.9540920213258115,45.153074246893226,False
2022-12-19,24.879113878358844,9.231110577679576,77.91724583926413,False
2022-12-20,20.072152936246432,2.86160318034516,81.42155876899507,False
2022-12-21,24.92897449751943,3.472486397740832,52.60278230303752,False
2022-12-22,19.725490049904423,4.845422568062149,59.95655919764111,False
2022-12-23,21.879363622986943,7.077434495375278,62.55824871657544,False
2022-12-24,21.76926274144684,0.6944892453441365,40.622000743487874,False
2022-12-25,21.724956439949967,2.5152837468916545,75.85342644675362,False
2022-12-26,26.59663805366617,2.2652721572963075,52.12760404086499,False
2022-12-27,26.3827447590535,5.657651357402024,42.91392352036912,False
2022-12-28,25.21748285560186,5.021811172386854,86.75575060491659,False
2022-12-29,24.27104219074475,3.033644701966853,64.6083669618799,False
2022-12-30,24.88182834330987,3.4069467744392945,74.69221802575369,False
2022-12-31,26.69459612283833,4.843500745731903,83.61501669172387,False
